"","MEGYE","OEVK","SZEKHELY","AE","BE","CE","EE","FE","IE","JE","JE_pct","KE","ME","ME_pct","NE","ERVTL_LST","ERV_LST","FIDESZ_egy","JOBBIK_egy","MSZP_egy","DK_egy","LMP_egy","MOMENTUM_egy","EGYUTT_egy","MKKP_egy","FUGGETLEN_egy","MAS_egy","FIDESZ_egy_pct","JOBBIK_egy_pct","MSZP_egy_pct","DK_egy_pct","LMP_egy_pct","MOMENTUM_egy_pct","EGYUTT_egy_pct","MKKP_egy_pct","FUGGETLEN_egy_pct","MAS_egy_pct","FIDESZ_lst","JOBBIK_lst","MSZP_lst","DK_lst","LMP_lst","MOMENTUM_lst","EGYUTT_lst","MKKP_lst","FUGGETLEN_lst","MAS_lst","FIDESZ_lst_pct","JOBBIK_lst_pct","MSZP_lst_pct","DK_lst_pct","LMP_lst_pct","MOMENTUM_lst_pct","EGYUTT_lst_pct","MKKP_lst_pct","FUGGETLEN_lst_pct","MAS_lst_pct","FIDESZ_egy_jlt","JOBBIK_egy_jlt","MSZP_egy_jlt","DK_egy_jlt","LMP_egy_jlt","MOMENTUM_egy_jlt","EGYUTT_egy_jlt","MKKP_egy_jlt","FUGGETLEN_egy_jlt","MAS_egy_jlt","winner","FE_pct","dev_lst_egy"
"1","BARANYA",1,"Pécs",74924,2694,904,78522,53208,3296,56504,71.96,56434,431,0.76,56003,NA,NA,20702,7887,NA,NA,3059,1011,NA,976,21988,380,0.369658768280271,0.140831741156724,NA,NA,0.0546220738174741,0.0180526043247683,NA,0.0174276378051176,0.392621823830866,0.00678535078477939,19688,10383,7703,3843,5569,1967,434,1292,NA,580,0.382595853009192,0.201772284731534,0.14969198779611,0.108222079713947,0.0746808138518043,0.0382246059970073,0.00843389883207991,0.0251073670300628,NA,0.0112711090382635,"Csizi Péter","Fogarasi Gábor",NA,NA,"Dr. Keresztes László Lóránt","Nemes Balázs",NA,"Nagy Richárd","Dr. Mellár Tamás",NA,"FUGGETLEN_egy",0.710159628423469,-0.0129370847289211
"2","BARANYA",2,"Pécs",75366,2331,674,78371,51371,2751,54122,69.06,54020,495,0.92,53525,NA,NA,21471,11858,NA,11160,4899,1039,1277,1015,NA,806,0.401139654367118,0.221541335824381,NA,0.208500700607193,0.0915273236805231,0.0194114899579636,0.0238580102755722,0.0189631013545072,NA,0.0150583839327417,19913,10572,6447,4194,4734,1410,441,1005,NA,680,0.403129808081626,0.214025427160094,0.130516641023565,0.0958377196534132,0.0849056603773585,0.0285448214430318,0.00892784840877804,0.0203457769859908,NA,0.013766296866143,"Dr. Hoppál Péter","Gyimesi Gábor",NA,"Nagy Ferenc","Hohn Krisztina","Körömi Attila","Berkecz Balázs","Martos Csongor",NA,NA,"FIDESZ_egy",0.681620359313218,-0.00199015371450784
"3","BARANYA",3,"Mohács",71193,1678,358,73229,46787,1843,48630,66.41,48528,625,1.29,47903,NA,NA,27603,11359,NA,4262,3345,NA,NA,NA,NA,1334,0.576226958645596,0.237125023484959,NA,0.0889714631651462,0.0698286119867232,NA,NA,NA,NA,0.0278479427175751,23057,7354,3810,2171,2408,669,122,549,NA,734,0.56409942750893,0.179918774771248,0.0932132896217645,0.0589127562753829,0.0531144492831629,0.0163673729020893,0.00298478250232422,0.013431521260459,NA,0.0179576258746391,"Dr. Hargitai János","Szõcs Norbert",NA,"Lukács János","Bosnyák András",NA,NA,NA,NA,NA,"FIDESZ_egy",0.65718539744076,0.0121275311366664
"4","BARANYA",4,"Szigetvár",76052,1711,340,78103,49001,1838,50839,65.09,50763,734,1.45,50029,NA,NA,24479,7914,13605,NA,1667,383,144,535,NA,1302,0.489296208199244,0.158188250814528,0.271942273481381,NA,0.0333206740090747,0.00765555977533031,0.0028783305682704,0.0106937975973935,NA,0.0260249055547782,24132,9235,5821,2314,2455,577,187,559,NA,714,0.5246771317998,0.200787059181632,0.126559986085142,0.0533765273731356,0.0503109101187111,0.0125451145801626,0.00406574770622255,0.0121537591859808,NA,0.0155237639692134,"Nagy Csaba","Andrics Aliz","Dr. Vass Péter",NA,"Angyal Károly Tibor","Gergely Attila","Rajnai Attila","Iván Petra",NA,NA,"FIDESZ_egy",0.644309156892652,-0.0353809236005556
"5","BORSOD–ABAÚJ–ZEMPLÉN",1,"Miskolc",73339,2254,526,76119,51137,2514,53651,70.48,53584,389,0.73,53195,NA,NA,20724,20597,NA,6151,1671,576,NA,NA,2167,1309,0.389585487357834,0.387198044929035,NA,0.115631168342889,0.0314127267600338,0.0108280853463671,NA,NA,0.04073691136385,0.0246075758999906,20684,13208,7509,3229,2800,1023,196,703,NA,870,0.411851379873362,0.262992314125284,0.149516148301541,0.0557524590816773,0.0642945322766915,0.0203695591573414,0.00390267213571741,0.0139978495480068,NA,0.0173230855003783,"Csöbör Katalin","Jakab Péter",NA,"Dr. Debreczeni József","Csoma László","Szopkó Tibor",NA,NA,"Fodor Zoltán",NA,"FIDESZ_egy",0.697268847407246,-0.0222658925155279
"6","BORSOD–ABAÚJ–ZEMPLÉN",2,"Miskolc",71877,2214,570,74661,49107,2499,51606,69.12,51549,482,0.94,51067,NA,NA,19434,14427,15274,NA,0,667,NA,NA,NA,1265,0.380558873636595,0.282511210762332,0.29909726437817,NA,0,0.0130612724460023,NA,NA,NA,0.0247713787769009,19002,12214,8753,2633,2600,1115,163,692,NA,868,0.395545378850958,0.254246461282265,0.182202331390508,0.0541215653621982,0.0548084929225645,0.0232098251457119,0.00339300582847627,0.0144046627810158,NA,0.0180682764363031,"Hubay György","Pakusza Zoltán","Dr. Varga László",NA,"Doszpoly Botond László","Dudás Norbert",NA,NA,NA,NA,"FIDESZ_egy",0.683208815059059,-0.0149865052143625
"7","BORSOD–ABAÚJ–ZEMPLÉN",3,"Ózd",72030,2139,254,74423,41604,2073,43677,58.69,43653,778,1.78,42875,NA,NA,20623,15744,NA,3441,1170,449,147,NA,NA,1301,0.481002915451895,0.367206997084548,NA,0.0802565597667639,0.0272886297376093,0.0104723032069971,0.00342857142857143,NA,NA,0.0303440233236152,19651,11752,4320,2078,1318,371,102,272,NA,738,0.483990936407074,0.28944386976011,0.10639869957145,0.032461455100734,0.0511797448401557,0.00913748091227033,0.00251219151765923,0.00669917738042461,NA,0.0181764445101227,"Riz Gábor","Farkas Péter Barnabás",NA,"Varga Gergõ","Koleszár István","Kovács József","Báder József",NA,NA,NA,"FIDESZ_egy",0.57759266972095,-0.00298802095517847
"8","BORSOD–ABAÚJ–ZEMPLÉN",4,"Kazincbarcika",75324,2105,360,77789,47667,2166,49833,64.06,49772,786,1.58,48986,NA,NA,21905,14779,8458,NA,1649,359,111,NA,NA,1725,0.44716857877761,0.301698444453517,0.172661576777038,NA,0.0336626791328135,0.0073286245049606,0.00226595353774548,NA,NA,0.0352141428163149,21150,12430,6372,2145,1790,572,92,457,NA,824,0.461467969977308,0.271207889684064,0.139029499039972,0.0390556816198289,0.0468013614941526,0.0124803630651073,0.00200733112235992,0.00997119916215744,NA,0.0179787048350497,"Demeter Zoltán","Egyed Zsolt","Gúr Nándor",NA,"Üveges Gábor","Gyõri Gyula","Elek Zsófia",NA,NA,NA,"FIDESZ_egy",0.632826190855504,-0.0142993911996985
"9","BORSOD–ABAÚJ–ZEMPLÉN",5,"Sátoraljaújhely",74195,3074,285,77554,46065,2930,48995,63.18,48957,933,1.91,48024,NA,NA,23544,14064,NA,2306,6219,229,128,NA,NA,1534,0.490254872563718,0.292853573213393,NA,0.0480176578377478,0.129497751124438,0.00476844910877894,0.00266533399966683,NA,NA,0.0319423621522572,22567,10733,4531,1661,2387,378,90,327,NA,1148,0.514969649947515,0.244922641595546,0.103395554744192,0.0544703573547533,0.0379033362238145,0.00862580439048879,0.00205376295011638,0.00746200538542285,NA,0.0261968874081512,"Dr. Hörcsik Richárd","Mikola Gergely",NA,"Zaveczki Tibor","Köteles László","Pencz András Soma","Szabó Mihály",NA,NA,NA,"FIDESZ_egy",0.620863939618573,-0.0247147773837968
"10","BORSOD–ABAÚJ–ZEMPLÉN",6,"Tiszaújváros",76467,2244,413,79124,50547,2318,52865,66.81,52817,761,1.44,52056,NA,NA,25662,16469,7757,NA,1182,NA,NA,NA,NA,986,0.492969110189027,0.316370831412325,0.149012601813432,NA,0.022706316274781,NA,NA,NA,NA,0.0189411403104349,23725,13008,6265,1934,1799,679,155,493,NA,779,0.485799701046338,0.266355427237545,0.128283883121404,0.0368368245387718,0.0396011221000471,0.013903392919303,0.00317382312590863,0.0100948051682126,NA,0.0159510207424698,"Koncz Ferenc","Biró László","Pap Zsolt",NA,"Dr. Tarnai Gábor",NA,NA,NA,NA,NA,"FIDESZ_egy",0.661030248342422,0.00716940914268943
"11","BORSOD–ABAÚJ–ZEMPLÉN",7,"Mezõkövesd",74741,1961,337,77039,50991,2002,52993,68.79,52972,555,1.05,52417,NA,NA,28718,16389,4390,NA,1771,NA,126,NA,NA,1023,0.547875689184806,0.312665738214701,0.0837514546807333,NA,0.0337867485739359,NA,0.00240380029379781,NA,NA,0.0195165690520251,25981,13022,4713,1722,2132,620,133,509,NA,845,0.522998570767156,0.262133381645429,0.0948728787970288,0.0429172454053184,0.0346639289812187,0.0124806248364434,0.0026772953278177,0.0102461903899189,NA,0.0170098838496689,"Tállai András","Lukács Attila","Kormos Anna",NA,"Ambrus Gyöngyi",NA,"Kiss Tamás",NA,NA,NA,"FIDESZ_egy",0.682235988279525,0.0248771184176506
"12","BUDAPEST",1,"Budapest V. kerület",59605,2225,1701,63531,45091,3623,48714,76.68,48626,716,1.47,47910,NA,NA,20031,3060,0,NA,23345,0,0,1474,NA,0,0.418096430807765,0.0638697557921102,0,NA,0.487267793780004,0,0,0.0307660196201211,NA,0,17986,3864,6538,3054,6237,3438,1060,1433,NA,263,0.409956009390741,0.0880723907642514,0.149021037996034,0.142160326396645,0.069610010712739,0.0783625464408634,0.0241606454995099,0.0326624575479224,NA,0.00599457525129351,"Hollik István","Losonczy Pál","Váradiné Naszályi Márta",NA,"Csárdi Antal","Fekete-Gyõr András","Juhász Péter","Horváth András",NA,NA,"LMP_egy",0.756496938176327,0.00814042141702309
"13","BUDAPEST",2,"Budapest XI. kerület",66173,1740,1422,69335,53047,2959,56006,80.78,55894,388,0.69,55506,NA,NA,23403,3252,NA,22494,3384,1540,0,990,NA,443,0.421630094043887,0.0585882607285699,NA,0.40525348610961,0.0609663820127554,0.0277447483154974,0,0.0178359096313912,NA,0.00798111915828919,21326,4603,8961,4646,6446,3565,685,1361,NA,416,0.410044415389644,0.0885039127843258,0.17229710242458,0.123940087292584,0.0893306927647138,0.0685458286065873,0.013170797361995,0.0261685477513507,NA,0.00799861562421889,"Dr. Simicskó István","Dr. Bardócz-Tódor András",NA,"Gy. Németh Erzsébet","Kreitler-Sas Máté","Bedõ Dávid","Kóber György","Fischer Roland",NA,NA,"FIDESZ_egy",0.80164115273601,0.011585678654243
"14","BUDAPEST",3,"Budapest XII. kerület",63535,1749,1931,67215,51419,3429,54848,81.6,54740,483,0.88,54257,NA,NA,23173,3142,NA,21176,3787,1449,0,1530,NA,0,0.427096964446984,0.0579095784875684,NA,0.390290653740531,0.0697974454909044,0.0267062314540059,0,0.0281991263800063,NA,0,21176,3894,7651,4414,6960,3600,972,1559,NA,264,0.419409784115666,0.077124183006536,0.15153495741731,0.13784907902555,0.0874232521291345,0.071301247771836,0.0192513368983957,0.0308774014656368,NA,0.00522875816993464,"Gulyás Gergely","Gyöngyösi Márton",NA,"Bauer Tamás","Hajdu Mária","Kádár Barnabás Áron","Bényi Hajnal","Kovács Gergely",NA,NA,"FIDESZ_egy",0.809301959549854,0.00768718033131732
"15","BUDAPEST",4,"Budapest II. kerület",68148,1423,1860,71431,55282,3027,58309,81.63,58204,318,0.55,57886,NA,NA,24208,3585,NA,21496,5848,1538,0,1044,NA,167,0.418201292195004,0.06193207338562,NA,0.371350585633832,0.101026154856096,0.0265694641191307,0,0.0180354489859379,NA,0.00288498082437895,21689,4884,8991,5091,7085,3636,925,1419,NA,329,0.401284020055875,0.0903624488889711,0.166349053636515,0.131084756424726,0.0941923069807027,0.0672722899591112,0.0171141001683657,0.0262539547447686,NA,0.00608706914096468,"Varga Mihály","Kovács Tamás",NA,"Niedermüller Péter","Ungár Péter","Benedek Márton","Mihalik Zoltán","Juhász Veronika",NA,NA,"FIDESZ_egy",0.811205024358749,0.0169172721391287
"16","BUDAPEST",5,"Budapest VII. kerület",61501,2297,1499,65297,41923,3476,45399,69.53,45341,416,0.92,44925,NA,NA,16687,3171,NA,20598,3055,0,NA,1414,NA,0,0.371441291040623,0.0705843071786311,NA,0.458497495826377,0.0680022259321091,0,NA,0.0314746800222593,NA,0,15234,4367,6777,3990,5047,2931,768,1667,NA,314,0.370702031877357,0.106265969095997,0.164910573062416,0.122812994281543,0.097092103662246,0.0713225453218153,0.0186884049154398,0.0405645455651539,NA,0.00764083221803139,"Dr. Bajkai István","Stummer János",NA,"Dr. Oláh Lajos","Moldován László","Soproni Tamás",NA,"Döme Zsuzsanna",NA,NA,"DK_egy",0.681663712785158,0.000739259163265893
"17","BUDAPEST",6,"Budapest VIII. kerület",68907,2259,1039,72205,43814,3036,46850,64.88,46806,350,0.75,46456,NA,NA,18818,6001,NA,14947,2582,1190,1454,1065,NA,399,0.405071465472705,0.129175994489409,NA,0.321745307387636,0.0555794730497675,0.025615636301016,0.0312984329257792,0.0229249182021698,NA,0.00858877217151714,16868,5724,6598,4060,4368,2672,750,1463,NA,509,0.392169627080815,0.13307914070492,0.153399051427509,0.101553054961406,0.0943922626243839,0.0621221984562448,0.0174369943271645,0.0340137636008556,NA,0.0118339068167023,"Kocsis Máté","Dúró Dóra",NA,"Ara-Kovács Attila","Jakabfy Tamás","Dr. Cseh Katalin","Baranyi Krisztina","Racskó Gábor",NA,NA,"FIDESZ_egy",0.635842512371747,0.0129018383918907
"18","BUDAPEST",7,"Budapest XIII. kerület",77006,2253,1522,80781,56177,3477,59654,73.85,59520,359,0.6,59161,NA,NA,16854,3591,33412,NA,2447,1520,NA,1337,NA,0,0.284883622656818,0.0606987711499129,0.564763949223306,NA,0.0413617078818816,0.0256926015449367,NA,0.022599347543145,NA,0,17115,5984,13360,5294,6468,3801,1056,1664,NA,487,0.309891542486737,0.108348874685401,0.241901899364464,0.117112386608485,0.0958554382661283,0.0688225388835575,0.0191203896503648,0.0301290988429991,NA,0.00881783121186333,"Harrach Tamás","Magvasi Adrián","Hiszékeny Dezsõ",NA,"Kerékgyártó István","Hajnal Miklós",NA,"Sebõ Ferenc",NA,NA,"MSZP_egy",0.729514583279225,-0.0250079198299192
"19","BUDAPEST",8,"Budapest XIV. kerület",74468,1836,1250,77554,56398,2858,59256,76.41,59176,452,0.76,58724,NA,NA,20588,4492,27736,NA,2410,1771,NA,1518,NA,209,0.350589196921191,0.0764934268782781,0.472311150466589,NA,0.0410394387303317,0.0301580273823309,NA,0.0258497377562836,NA,0.00355902186499557,19723,5921,13736,4121,5574,3257,722,1687,NA,530,0.356841743409745,0.107126702972626,0.248520924173617,0.100848546253913,0.074559895786217,0.0589278283367408,0.0130629082158817,0.0305223354019287,NA,0.00958911544933148,"Dr. Jelen Tamás","Szávay István","Tóth Csaba",NA,"Barta János","Szücs Attila",NA,"Victora Zsolt",NA,NA,"MSZP_egy",0.757345436966214,-0.00625254648855406
"20","BUDAPEST",9,"Budapest X. kerület",74430,1588,728,76746,52278,2120,54398,70.88,54330,354,0.65,53976,NA,NA,21222,5437,22010,NA,3522,1139,NA,NA,NA,646,0.393174744330814,0.100729954053653,0.407773825403883,NA,0.0652512227656736,0.0211019712464799,NA,NA,NA,0.0119682821994961,19644,7724,9921,4495,4954,2150,510,1242,NA,605,0.383334959508245,0.150726900185384,0.193599375548834,0.0966728461313299,0.0877158747194848,0.0419553127134355,0.00995219045760562,0.0242365108791102,NA,0.0118060298565714,"Dr. György István","Tubák István","Burány Sándor",NA,"Demeter Márta","Tölcsér Borbála",NA,NA,NA,NA,"MSZP_egy",0.702378073357517,0.00983978482256898
"21","BUDAPEST",10,"Budapest III. kerület",70834,1479,903,73216,54526,2205,56731,77.48,56640,530,0.94,56110,NA,NA,20403,6070,27017,NA,0,2213,0,NA,NA,407,0.363625022277669,0.108180360007129,0.481500623774728,NA,0,0.039440384958118,0,NA,NA,0.00725360898235609,19535,7363,10957,4695,5528,2836,684,1475,NA,537,0.364390971833613,0.137343779145682,0.204383510539079,0.103115090468196,0.0875769445998881,0.0529005782503264,0.012758813654169,0.027513523596344,NA,0.0100167879127029,"Menczer Erzsébet","Zsiga-Kárpát Dániel","Szabó Timea",NA,"Dr. Ábrahám Júlia","Donáth Anna Júlia","Pataki Márton",NA,NA,NA,"MSZP_egy",0.769771578620437,-0.000765949555944279
"22","BUDAPEST",11,"Budapest IV. kerület",74416,1465,805,76686,55362,2084,57446,74.91,57401,445,0.78,56956,NA,NA,20080,5826,NA,23238,3459,1278,NA,1064,NA,2011,0.352552847812346,0.102289486621251,NA,0.407999157244189,0.0607310906664794,0.0224383734812838,NA,0.0186810871549968,NA,0.0353079570194536,18866,7935,9720,6221,5733,2836,557,1430,NA,674,0.349551619358186,0.147020677388275,0.180093381753502,0.106221744608315,0.11526346994738,0.0525457644704662,0.0103201660120062,0.0264952197435707,NA,0.0124879567182984,"Dr. Zsigmond Barna Pál","Hegedûs Lóránt Gézáné",NA,"Varju László","Kanász-Nagy Máté","Molnár Tibor",NA,"Paizs Miklós",NA,NA,"DK_egy",0.743952913351967,0.00300122845416062
"23","BUDAPEST",12,"Budapest XV. kerület",73816,1325,570,75711,53717,1745,55462,73.25,55409,472,0.85,54937,NA,NA,20622,5640,NA,23212,2540,1082,0,1048,NA,793,0.375375430038044,0.102663050403189,NA,0.422520341482061,0.0462347780184575,0.0196952873291225,0,0.0190763965997415,NA,0.0144347161293846,20422,8249,8307,6530,4579,2148,485,1443,NA,639,0.386765652816181,0.156225142987008,0.157323586227794,0.0867201999924245,0.123669557971289,0.0406802772622249,0.00918525813416158,0.0273285102837014,NA,0.012101814325215,"László Tamás","Dr. Gyenes Géza",NA,"Hajdu László","Szilvágyi László","Krisztics Bianka Ilona","Huzsvári Erzsébet Mária","Pálmai Attila",NA,NA,"DK_egy",0.727714858567248,-0.0113902227781376
"24","BUDAPEST",13,"Budapest XVI. kerület",67826,1107,889,69822,54467,1818,56285,80.61,56226,559,0.99,55667,NA,NA,23328,5086,NA,0,4048,0,22245,NA,NA,960,0.419063358902042,0.0913647223669319,NA,0,0.0727181274363627,0,0.399608385578529,NA,NA,0.0172454057161334,21609,6636,9469,3947,5592,2865,1407,1334,NA,510,0.404897974479567,0.124341846390227,0.177425096966404,0.104779928422867,0.0739567913957541,0.0536828495943338,0.0263636193295733,0.0249957840694036,NA,0.00955610935187094,"Szatmáry Kristóf","Tokody Marcell Gergely",NA,"Nemes Gábor","Mizsei László","Hollai Gábor","Vajda Zoltán",NA,NA,NA,"FIDESZ_egy",0.803040132102734,0.0141653844224757
"25","BUDAPEST",14,"Budapest XVII. kerület",74180,1282,742,76204,56424,1820,58244,76.43,58185,410,0.7,57775,NA,NA,23784,7536,21512,NA,2826,1608,NA,NA,NA,509,0.411665945478148,0.130437040242319,0.372340977931631,NA,0.0489138900908698,0.0278321073128516,NA,NA,NA,0.00881003894418001,22249,9242,9825,4228,5099,2598,478,1343,NA,628,0.399515173280661,0.165954390375292,0.176423056203986,0.0915604237744658,0.0759202729394864,0.0466511043275274,0.0085832285868199,0.024115640150835,NA,0.0112767103609266,"Dunai Mónika","Szilágyi György","Lukoczki Károly",NA,"Schmuck Erzsébet","Tóth Endre",NA,NA,NA,NA,"FIDESZ_egy",0.76063629010515,0.0121507721974872
"26","BUDAPEST",15,"Budapest XVIII. kerület",77927,1218,792,79937,58886,1834,60720,75.96,60636,564,0.93,60072,NA,NA,23848,6977,27813,NA,0,0,NA,NA,NA,1434,0.396990278332667,0.116143960580637,0.462994406711946,NA,0,0,NA,NA,NA,0.0238713543747503,22516,9567,11261,4610,4996,2237,495,1257,NA,702,0.390624728925591,0.165975607640395,0.195364410749293,0.0866744157804341,0.0799777935844277,0.0388091809649381,0.00858763727208064,0.0218073940424351,NA,0.0121788310404053,"Kucsák László","Makai Tibor","Kunhalmi Ágnes",NA,"Kassai Dániel","Nagy Károly",NA,NA,NA,NA,"MSZP_egy",0.755655934400144,0.00636554940707634
"27","BUDAPEST",16,"Budapest XX. kerület",70880,1202,641,72723,51048,1706,52754,72.54,52693,482,0.91,52211,NA,NA,19462,6373,22572,NA,2287,1060,0,NA,NA,457,0.372756698779951,0.122062400643543,0.43232269062075,NA,0.0438030300128325,0.0203022351611729,0,NA,NA,0.00875294478175097,19177,7992,9752,4009,4498,2015,559,1166,NA,557,0.385661136249372,0.160723981900452,0.196118652589241,0.0904575163398693,0.080623428858723,0.0405228758169935,0.0112418300653595,0.0234489693313223,NA,0.0112016088486677,"Földesi Gyula","Bencsik János","Dr. Hiller István",NA,"Ferenczi István","Teveli Dalma","Somodi Klára",NA,NA,NA,"MSZP_egy",0.72020316027088,-0.0129044374694209
"28","BUDAPEST",17,"Budapest XXI. kerület",76152,1249,628,78029,54969,1716,56685,72.65,56611,930,1.64,55681,NA,NA,20653,8673,0,NA,0,0,23637,1374,NA,1344,0.370916470609364,0.155762288751998,0,NA,0,0,0.424507462150464,0.0246762809575977,NA,0.024137497530576,20202,9831,8437,4336,4264,1957,2345,1266,NA,686,0.378853799414898,0.184363513614883,0.158221438751782,0.0799639936988973,0.0813142299902483,0.0367001725301928,0.0439764458780287,0.0237416547895882,NA,0.012864751331483,"Németh Szilárd István","Bereczki Miklós","Bangóné Borbély Ildikó",NA,"Dr. Tenk András","Dukán András Ferenc","Dr. Szabó Szabolcs","Soltész Szilvia Nikolett",NA,NA,"EGYUTT_egy",0.721832650488497,-0.00793732880553355
"29","BUDAPEST",18,"Budapest XXII. kerület",75084,1537,925,77546,58534,2264,60798,78.4,60713,437,0.72,60276,NA,NA,24144,5525,24983,NA,2556,1703,0,1220,NA,145,0.400557435795341,0.0916616895613511,0.414476740327825,NA,0.042404937288473,0.0282533678412635,0,0.0202402282832305,NA,0.0024056009025151,23019,7181,10802,4192,5979,3437,690,1681,NA,504,0.400434896059842,0.124919544228929,0.187909889536401,0.10400974167174,0.0729233713142559,0.0597895103070366,0.0120031312516309,0.0292424110637558,NA,0.00876750456640863,"Németh Zsolt","Dr. Staudt Gábor","Molnár Gyula",NA,"Pitz Dániel","Orosz Anna","Dr. Hajdu Nóra","Hotz Antal",NA,NA,"MSZP_egy",0.779580203505407,0.000122539735499749
"30","BÁCS–KISKUN",1,"Kecskemét",68614,1488,383,70485,45668,1701,47369,67.2,47325,527,1.11,46798,NA,NA,25519,11231,NA,3595,4642,1105,NA,NA,NA,706,0.545301081242788,0.239988888414035,NA,0.0768195222018035,0.0991922731740673,0.0236121201760759,NA,NA,NA,0.0150861147912304,24644,8747,3671,1908,3227,1161,147,632,NA,571,0.551221257940413,0.195647311443142,0.0821105842354836,0.0721794757090454,0.0426769258298291,0.0259685067549432,0.00328800214726671,0.0141361724970922,NA,0.0127717634427843,"Dr. Salacz László","Lejer Zoltán",NA,"Szõkéné Kopping Rita","Vágó Gábor","Szarvas Koppány Bendegúz",NA,NA,NA,NA,"FIDESZ_egy",0.665578453376862,-0.00592017669762512
"31","BÁCS–KISKUN",2,"Kecskemét",70528,1598,475,72601,49108,1910,51018,70.27,50973,361,0.71,50612,NA,NA,26695,10001,8421,NA,3426,1532,NA,NA,NA,537,0.52744408440686,0.197601359361416,0.166383466371611,NA,0.0676914565715641,0.0302695013040386,NA,NA,NA,0.0106101319845096,25125,8509,4942,2128,4148,1714,181,902,NA,619,0.520531200795558,0.176286566669429,0.10238667440126,0.0859368525731333,0.0440871799121571,0.0355100687826303,0.00374989641170133,0.0186873290793072,NA,0.0128242313748239,"Dr. Zombor Gábor","Radics Tivadar","Király József",NA,"Dr. Tóth Szilárd","Bodrozsán Alexandra",NA,NA,NA,NA,"FIDESZ_egy",0.696290834845735,0.00691288361130193
"32","BÁCS–KISKUN",3,"Kalocsa",65284,1888,313,67485,44493,2011,46504,68.91,46455,386,0.83,46069,NA,NA,24519,13915,5127,NA,1261,580,NA,NA,NA,667,0.532223404024398,0.302046929605592,0.111289587358093,NA,0.0273719855000109,0.0125898109357703,NA,NA,NA,0.0144782825761358,23470,9744,4207,1959,2095,825,102,472,NA,551,0.540472078295912,0.224386873920553,0.0968796776050662,0.0482440990213011,0.0451122625215889,0.0189982728842832,0.00234887737478411,0.0108693149107657,NA,0.0126885434657455,"Font Sándor","Suhajda Krisztián","Dr. Angeli Gabriella",NA,"Kerpács Rezsõ","Környei Balázs",NA,NA,NA,NA,"FIDESZ_egy",0.681529930764046,-0.00824867427151432
"33","BÁCS–KISKUN",4,"Kiskunfélegyháza",71379,1330,297,73006,47148,1503,48651,66.64,48634,427,0.88,48207,NA,NA,29025,10166,5855,NA,1410,545,NA,678,NA,528,0.602090982637376,0.21088223701952,0.121455390296015,NA,0.0292488642728234,0.0113054120770842,NA,0.0140643475014002,NA,0.0109527661957807,27995,8128,4276,1359,2270,826,113,658,NA,612,0.605467482751909,0.175789951770227,0.0924800484460497,0.0490948807232303,0.0293920453316608,0.0178644808270433,0.00244393018578195,0.0142310270995091,NA,0.013236152864589,"Lezsák Sándor","Kollár László","Horváth Tamás",NA,"Kis-Szeniczey Kálmán","Tabajdi Péter",NA,"Bodor Sándor",NA,NA,"FIDESZ_egy",0.660530408103224,-0.00337650011453239
"34","BÁCS–KISKUN",5,"Kiskunhalas",68907,1746,356,71009,44448,1909,46357,65.28,46327,603,1.3,45724,NA,NA,25535,15219,NA,2685,1059,466,NA,NA,NA,760,0.558459452366372,0.332844895459715,NA,0.0587218965969731,0.023160703350538,0.0101915842883387,NA,NA,NA,0.0166214679380632,23951,10017,3455,1766,1787,677,96,552,NA,615,0.558090222760742,0.233409451020598,0.0805061049492031,0.0416394817783577,0.0411501537887967,0.0157750023301333,0.00223692795227887,0.0128623357256035,NA,0.0143303196942865,"Bányai Gábor","Farkas Gergely",NA,"Molnár László","Midi Melánia","Takács Zoltán",NA,NA,NA,NA,"FIDESZ_egy",0.645043319256389,0.000369229605630239
"35","BÁCS–KISKUN",6,"Baja",64964,1903,453,67320,42128,2137,44265,65.75,44213,436,0.99,43777,NA,NA,23835,8203,7880,NA,2557,728,NA,NA,NA,574,0.544463987938872,0.187381501701807,0.180003198026361,NA,0.058409667176828,0.016629737076547,NA,NA,NA,0.0131119080795852,22098,7469,4564,1818,2556,1008,177,397,NA,559,0.543669733799144,0.183757319293411,0.11228657186439,0.0628844166707671,0.0447276484770949,0.0247994882645279,0.00435467204644983,0.00976725877085076,NA,0.0137528908133642,"Zsigó Róbert","Grünfelder Zoltán","Hajdú Miklós",NA,"Ikotity István","Béni Kornél",NA,NA,NA,NA,"FIDESZ_egy",0.648482236315498,0.000794254139728112
"36","BÉKÉS",1,"Békéscsaba",68443,2631,483,71557,47600,2854,50454,70.51,50433,922,1.83,49511,NA,NA,22133,16366,NA,5461,2610,890,NA,848,NA,1203,0.447031972692937,0.330552806447052,NA,0.110298721496233,0.052715558158793,0.0179758033568298,NA,0.0171275070186423,NA,0.0242976308295126,21578,10240,5351,3018,3448,1275,176,810,NA,697,0.463116777198292,0.219775502757925,0.114845577661881,0.0740025325692701,0.0647736784495525,0.0273646255875346,0.00377739145365184,0.0173845856673749,NA,0.0149593286545189,"Herczeg Tamás","Kocziha Tünde",NA,"Nagy-Huszein Tibor","Kovács Katalin Ildikó","Almási István",NA,"Babinszki Péter",NA,NA,"FIDESZ_egy",0.695469222564762,-0.0160848045053547
"37","BÉKÉS",2,"Békés",69650,2175,389,72214,45056,2339,47395,65.63,47357,725,1.53,46632,NA,NA,24247,13707,NA,4039,2550,678,NA,NA,NA,1411,0.519964831017327,0.293939783839424,NA,0.08661434208269,0.0546834791559444,0.0145393721049923,NA,NA,NA,0.0302581917996226,23054,9901,4110,1880,2384,734,137,505,NA,789,0.530050121855888,0.227640594104934,0.0944957925231066,0.0548121579988044,0.0432243527842921,0.0168758909274843,0.00314985975077022,0.0116107968915253,NA,0.0181404331631949,"Dankó Béla","Samu Tamás Gergõ",NA,"Dr. Kondé Gábor","Bencsik Mihály","Babinszki Bence",NA,NA,NA,NA,"FIDESZ_egy",0.64689160086145,-0.010085290838561
"38","BÉKÉS",3,"Gyula",68128,2238,335,70701,44204,2347,46551,65.84,46510,638,1.37,45872,NA,NA,23135,10612,8508,NA,1740,725,NA,NA,NA,1152,0.50433815835368,0.23133937914196,0.185472619462853,NA,0.0379316358562958,0.0158048482734566,NA,NA,NA,0.0251133589117544,22077,8932,5713,1854,2324,829,149,502,NA,712,0.512322472848789,0.207277452891488,0.132576812401374,0.0539311241065627,0.0430242272347535,0.0192379095887868,0.00345771836999907,0.0116494941056345,NA,0.016522788452613,"Dr. Kovács József","Dr. Dévényi-Dabrowsky Géza","Pluhár László",NA,"Szabó László","Nagy Zoltán",NA,NA,NA,NA,"FIDESZ_egy",0.648837482386097,-0.00798431449510884
"39","BÉKÉS",4,"Orosháza",72664,2341,386,75391,47731,2453,50184,66.56,50169,774,1.54,49395,NA,NA,21312,19510,5107,NA,1081,526,542,NA,NA,1317,0.431460674157303,0.394979248911833,0.103391031480919,NA,0.0218848061544691,0.0106488510982893,0.0109727705233323,NA,NA,0.0266626176738536,22140,13194,5545,1862,1858,649,249,436,NA,737,0.47439468609385,0.282708377973002,0.118812941932719,0.0398114420398543,0.0398971502035569,0.0139061495607457,0.00533533319048639,0.0093421898435826,NA,0.0157917291622027,"Simonka György","Dr. Szabó Ervin","Füvesi Sándor",NA,"Németh Sándor","Sebõk Éva","Bod Tamás",NA,NA,NA,"FIDESZ_egy",0.656872729274469,-0.0429340119365471
"40","CSONGRÁD",1,"Szeged",80974,2158,874,84006,56660,2756,59416,70.73,59338,378,0.64,58960,NA,NA,21019,6501,25748,NA,2560,1015,NA,1525,NA,592,0.356495929443691,0.110261194029851,0.436702849389417,NA,0.0434192672998643,0.0172150610583446,NA,0.0258649932157395,NA,0.0100407055630936,20302,9115,12908,2852,5434,2016,448,1652,NA,691,0.366343065430005,0.164477245660255,0.232920711682125,0.0980547836443033,0.0514634234364286,0.0363780721065358,0.00808401602367462,0.0298098090873002,NA,0.0124688729293731,"Bartók Csaba","Tóth Péter","Szabó Sándor",NA,"Bodrog Zoltán","Mihálik Edvin",NA,"Pál Anna",NA,NA,"MSZP_egy",0.699730777780522,-0.00984713598631404
"41","CSONGRÁD",2,"Szeged",84487,2136,851,87474,59106,2745,61851,70.71,61781,501,0.81,61280,NA,NA,27344,6970,21711,NA,2512,1097,308,1224,NA,114,0.44621409921671,0.113740208877285,0.354291775456919,NA,0.0409921671018277,0.0179014360313316,0.00502610966057441,0.0199738903394256,NA,0.00186031331592689,26483,8758,10284,2387,5036,2197,444,1513,NA,598,0.458977469670711,0.151785095320624,0.178232235701906,0.0872790294627383,0.041369150779896,0.0380762564991334,0.0076949740034662,0.0262218370883882,NA,0.0103639514731369,"B Nagy László","Fackelmann István","Joób Márton",NA,"Dr. Tessényi Judit","Boros-Gyevi Gergely","Györgyey János","Pose Rozalinda",NA,NA,"FIDESZ_egy",0.699586918697551,-0.0127633704540004
"42","CSONGRÁD",3,"Szentes",80292,1952,431,82675,53899,2157,56056,67.8,56013,945,1.69,55068,NA,NA,27322,20808,NA,2671,1548,865,468,NA,NA,1386,0.496150214280526,0.377860100239704,NA,0.0485036681920535,0.0281106994988015,0.0157078521101184,0.0084985835694051,NA,NA,0.025168882109392,27384,12635,5211,1903,2766,1060,237,863,NA,880,0.51727459906685,0.238670923137951,0.0984340467330324,0.0522488146734921,0.0359470333780389,0.0200230453918661,0.00447685071497384,0.0163017812954533,NA,0.0166229056083417,"Farkas Sándor","Szabó Zoltán Ferenc",NA,"Dr. Eörsi Mátyás","D'Elia Viktor","Hegedûs Barnabás","Dombi Gábor",NA,NA,NA,"FIDESZ_egy",0.671287301350072,-0.0211243847863246
"43","CSONGRÁD",4,"Hódmezõvásárhely",77985,1681,424,80090,55634,1924,57558,71.87,57501,462,0.8,57039,NA,NA,29534,20940,4234,NA,1003,0,NA,749,NA,579,0.517786076193482,0.367117235575659,0.0742299128666351,NA,0.0175844597556058,0,NA,0.0131313662581742,NA,0.0101509493504444,27972,12929,5559,1999,3206,1186,177,989,NA,781,0.510456586006789,0.235939267856491,0.101445308222928,0.05850578488266,0.0364794335559692,0.0216431256615205,0.00323004489214935,0.0180481039453995,NA,0.014252344976094,"Lázár János","Dr. Kiss Attila","Rója István",NA,"Pongrácz Gergely","Jakab Tamás",NA,"Farkas Tamás",NA,NA,"FIDESZ_egy",0.71339360133359,0.00732949018669304
"44","FEJÉR",1,"Székesfehérvár",60915,1597,596,63108,46026,2025,48051,76.14,47960,398,0.83,47562,NA,NA,22433,6599,NA,14740,2868,0,NA,NA,NA,922,0.471658046339515,0.13874521676969,NA,0.3099112737059,0.0603002396871452,0,NA,NA,NA,0.0193852234977503,21001,7312,5988,3489,3967,1708,267,837,NA,571,0.465241470979176,0.161984935755428,0.132653965440851,0.0878821444395215,0.0772928666371289,0.0378378378378378,0.00591493132476739,0.0185423128046079,NA,0.0126495347806823,"Vargha Tamás","Tóth Nóra Timea",NA,"Ráczné Földi Judit","Rákosi Judit","Pintér András Gábor",NA,NA,NA,NA,"FIDESZ_egy",0.755577443979315,0.00641657536033885
"45","FEJÉR",2,"Székesfehérvár",68424,1453,360,70237,49575,1661,51236,72.95,51170,418,0.82,50752,NA,NA,27250,14652,4761,NA,2173,1016,NA,NA,NA,900,0.536924653215637,0.288697982345523,0.0938091109709962,NA,0.0428160466582598,0.0200189155107188,NA,NA,NA,0.0177332912988651,26000,10204,4351,2032,3053,1259,163,720,NA,664,0.536680014861908,0.210626264294266,0.089811336333237,0.0630186186682079,0.0419436073153614,0.0259876976427362,0.0033645708624035,0.0148619081038682,NA,0.0137059819180118,"Törõ Gábor","Fazakas Attila","Horváth András",NA,"Perneczky László","Tóth Péter",NA,NA,NA,NA,"FIDESZ_egy",0.724526481936163,0.000244638353728788
"46","FEJÉR",3,"Bicske",71587,1626,490,73703,52125,1932,54057,73.34,53988,346,0.64,53642,NA,NA,28415,12559,8041,NA,2732,1381,NA,NA,NA,514,0.529715521419783,0.234126244360762,0.149901196823385,NA,0.0509302412288878,0.0257447522463741,NA,NA,NA,0.00958204392080832,26175,9424,5423,2248,3498,1657,200,945,NA,645,0.521258588071293,0.187673006073882,0.107995618838992,0.0696604600219058,0.0447674997510704,0.0329981081350194,0.00398287364333367,0.0188190779647516,NA,0.0128447674997511,"Tessely Zoltán","Varga László Béla","Szilágyi László",NA,"Szatmári Ildikó","Molnár Dániel",NA,NA,NA,NA,"FIDESZ_egy",0.728134996577591,0.00845693334848951
"47","FEJÉR",4,"Dunaújváros",66193,1626,407,68226,45512,1845,47357,69.41,47279,408,0.86,46871,NA,NA,18541,20405,NA,4668,1638,675,NA,NA,NA,944,0.395575089074268,0.435343816005632,NA,0.0995924985598771,0.0349469821424762,0.0144012289048665,NA,NA,NA,0.02014038531288,18337,12969,4875,3307,2636,1096,170,612,NA,632,0.410830308733253,0.290563247748353,0.109221669579245,0.0590581171304387,0.0740914997535511,0.0245552717659184,0.00380875565712237,0.0137115203656405,NA,0.0141596092664785,"Dr. Galambos Dénes","Pintér Tamás",NA,"Mezei Zsolt","Illéssy István","Kaszó Róbert",NA,NA,NA,NA,"JOBBIK_egy",0.687565150393546,-0.015255219658985
"48","FEJÉR",5,"Sárbogárd",66851,1309,221,68381,42046,1378,43424,63.5,43393,542,1.25,42851,NA,NA,23982,13777,NA,2518,1219,NA,609,NA,NA,746,0.559660217964575,0.321509416349677,NA,0.0587617558516721,0.0284474107955474,NA,0.0142120370586451,NA,NA,0.0174091619798838,23517,10175,2675,1717,1590,614,184,386,NA,572,0.567632150615496,0.245594979483466,0.0645667390779628,0.0383779869659667,0.0414433985034999,0.0148201786145305,0.00444122616461501,0.00931692010620323,NA,0.0138064204682597,"Varga Gábor","Árgyelán János",NA,"Szilveszterné Nyuli Ilona","Lapos Péter",NA,"Szigetvári Viktor",NA,NA,NA,"FIDESZ_egy",0.628950950621532,-0.00797193265092111
"49","GYÕR–MOSON–SOPRON",1,"Gyõr",65370,1739,487,67596,47270,2051,49321,72.96,49261,434,0.88,48827,NA,NA,24193,8448,NA,10561,3118,1402,0,NA,NA,1105,0.495484055952649,0.173019026358367,NA,0.216294263419829,0.0638581112908841,0.0287136215618408,0,NA,NA,0.0226309214164294,22540,7714,5038,3192,4306,1831,235,819,NA,536,0.48776265391357,0.166929951743091,0.109021661509164,0.0931812771850858,0.0690744627902447,0.0396226006794919,0.00508536928436952,0.0177230529527602,NA,0.0115989699422215,"Simon Róbert Balázs","Fodor Roland",NA,"Glázer Tímea","Jenei Ferenc","Molnár József","Varga Márk",NA,NA,NA,"FIDESZ_egy",0.723114578552853,0.00772140203907878
"50","GYÕR–MOSON–SOPRON",2,"Gyõr",70872,1404,383,72659,51199,1634,52833,72.71,52791,500,0.95,52291,NA,NA,30138,11046,6891,NA,2480,1110,NA,NA,NA,626,0.576351571016045,0.211240940123539,0.131781759767455,NA,0.0474268994664474,0.0212273622611922,NA,NA,NA,0.011971467365321,27512,8985,4628,2234,3525,1526,157,770,NA,580,0.55115491716249,0.179998798004688,0.0927139050824368,0.0706172245928241,0.0447542921249274,0.0305707474407516,0.00314522106697117,0.0154256065068013,NA,0.0116192880181101,"Kara Ákos","Dr. Menyhárt Miklós","Greguss András",NA,"Takács András","Liszi Norbert",NA,NA,NA,NA,"FIDESZ_egy",0.722415058132972,0.0251966538535551
"51","GYÕR–MOSON–SOPRON",3,"Csorna",65694,1252,201,67147,47850,1337,49187,73.25,49157,413,0.84,48744,NA,NA,31148,11575,NA,2998,2100,539,NA,NA,NA,384,0.639011980961759,0.237465123912687,NA,0.0615050057442967,0.0430822255046775,0.0110577712128672,NA,NA,NA,0.00787789266371246,29457,8250,3164,1706,2188,670,87,446,NA,571,0.632953007155289,0.177270676207052,0.067985990244741,0.0470143320655794,0.0366574271041492,0.0143965276434818,0.00186939985818346,0.0095833601925267,NA,0.0122692795289972,"Gyopáros Alpár","Magyar Zoltán",NA,"Szabó Zoltán","Molnár Ferenc","Budai Zsaklin",NA,NA,NA,NA,"FIDESZ_egy",0.728377020732487,0.00605897380647025
"52","GYÕR–MOSON–SOPRON",4,"Sopron",73555,1845,371,75771,55264,2048,57312,75.64,57240,415,0.73,56825,NA,NA,30936,10301,9558,NA,2545,1824,NA,1167,NA,494,0.544408271007479,0.181275846898372,0.168200615926089,NA,0.0447866256049274,0.0320985481742191,NA,0.020536735591729,NA,0.00869335679718434,29363,8599,6442,2158,3488,1757,167,1022,NA,589,0.547970514136419,0.160474013249977,0.12022021087991,0.0650928431464029,0.0402724643090417,0.0327890267798824,0.00311654380890174,0.0190725016329197,NA,0.0109918820565457,"Barcza Attila","Dr. Brenner Koloman","Póczik Roland",NA,"Szakács Gyula","Supka-Kovácsné Holzhofer Tünde",NA,"Tichy-Rács József",NA,NA,"FIDESZ_egy",0.75132893752974,-0.0035622431289396
"53","GYÕR–MOSON–SOPRON",5,"Mosonmagyaróvár",74170,1323,263,75756,52242,1451,53693,70.88,53590,660,1.23,52930,NA,NA,29033,13823,5246,NA,2771,NA,215,912,NA,930,0.54851690912526,0.261156244095976,0.0991120347628944,NA,0.0523521632344606,NA,0.00406196863782354,0.0172303041753259,NA,0.01757037596826,27162,9811,4788,2371,3530,1053,207,966,NA,664,0.53730811837316,0.194077385662288,0.0947143535369521,0.0698290868808356,0.0469021997151448,0.0208300363981643,0.00409479347998101,0.0191090362399114,NA,0.0131349897135623,"Dr. Nagy István","Jávor Miklós","Bogyai Zsolt",NA,"Goda Bálint Zsolt",NA,"Deschelak Károly Ferenc","Nagy Péter Krisztián",NA,NA,"FIDESZ_egy",0.70435486045571,0.0112087907520995
"54","HAJDÚ–BIHAR",1,"Debrecen",66609,2273,641,69523,47372,2657,50029,71.96,49935,437,0.88,49498,NA,NA,23441,7531,13648,NA,2597,1459,0,NA,NA,822,0.47357468988646,0.152147561517637,0.275728312255041,NA,0.0524667663339933,0.0294759384217544,0,NA,NA,0.0166067315851146,22145,7691,6091,2600,3970,1833,305,1037,NA,642,0.478149155762836,0.166062097853781,0.131515308546012,0.0857192209699011,0.0561385326251242,0.0395776655007125,0.00658548171179341,0.0223906378200976,NA,0.0138618992097422,"Kósa Lajos","Herpergel Róbert","Gulyásné Dr. Gurmai Zita",NA,"Murguly Mátyás","Horváth Zoltán","Dr. Szegedi István",NA,NA,NA,"FIDESZ_egy",0.711195183834016,-0.00457446587637622
"55","HAJDÚ–BIHAR",2,"Debrecen",72014,2124,551,74689,48113,2427,50540,67.67,50489,422,0.84,50067,NA,NA,24731,12723,NA,6002,2992,1347,533,1031,NA,708,0.493958096151157,0.254119479896938,NA,0.119879361655382,0.0597599217049154,0.0269039487087303,0.0106457347154813,0.0205924061757245,NA,0.0141410509916712,23070,9100,4977,2848,3512,1704,335,935,NA,684,0.489133891656949,0.192939679847344,0.105523163362663,0.0744619951235026,0.0603837591434326,0.0361284851054808,0.00710272447789675,0.0198240220502491,NA,0.0145022792324817,"Dr. Pósán László","Kõszeghy Ábel",NA,"Varga Zoltán","Görög Jenõ","Mándi László","Dr. Orosz Tamás","Szabados István",NA,NA,"FIDESZ_egy",0.668106201571917,0.00482420449420845
"56","HAJDÚ–BIHAR",3,"Debrecen",75785,1630,355,77770,47177,1760,48937,62.93,48869,760,1.56,48109,NA,NA,27979,12249,NA,3654,1942,639,690,NA,NA,956,0.581575173044545,0.254609324658588,NA,0.0759525244756698,0.0403666673595377,0.0132823380240703,0.0143424307302168,NA,NA,0.0198715417073728,25882,9423,4028,1739,2370,877,242,576,NA,647,0.565306657347545,0.205814258256159,0.0879783330421108,0.0517648086667832,0.0379827013803949,0.0191551633758518,0.00528568932378123,0.0125808142582562,NA,0.0141315743491176,"Tasó László","Csikai József",NA,"Káposznyák István","Kiss Tamás Péter","Lakatos Árpád","Kosztin Mihály",NA,NA,NA,"FIDESZ_egy",0.622511050999538,0.0162685156969996
"57","HAJDÚ–BIHAR",4,"Berettyóújfalu",67129,1718,221,69068,41633,1755,43388,62.82,43355,464,1.07,42891,NA,NA,23630,12938,4210,NA,1125,343,NA,NA,NA,645,0.550931430836306,0.301648364458744,0.0981557902590287,NA,0.0262292788696929,0.00799701569093749,NA,NA,NA,0.0150381198852906,23041,9294,3644,1467,1493,439,82,369,NA,581,0.570180648354368,0.229992576095026,0.0901756990843851,0.036946300420688,0.0363028953229399,0.0108636476119772,0.0020292006928978,0.00913140311804009,NA,0.0143776292996783,"Dr. Vitányi István","Keresztesy Gergõ","Lencsésné Gál Mária",NA,"Dr. Majoros Imre","Buzinkay György",NA,NA,NA,NA,"FIDESZ_egy",0.620193954922612,-0.0192492175180617
"58","HAJDÚ–BIHAR",5,"Hajdúszoboszló",69040,1739,290,71069,44230,1832,46062,64.81,46042,592,1.29,45450,NA,NA,23444,13542,5111,NA,1571,574,91,NA,NA,1117,0.515819581958196,0.297953795379538,0.112453245324532,NA,0.0345654565456546,0.0126292629262926,0.002002200220022,NA,NA,0.0245764576457646,22562,10325,4768,1522,1871,717,127,436,NA,594,0.525651181212432,0.240552630352733,0.111085224360468,0.0435906994082289,0.0354596710311728,0.0167047201901123,0.00295885559852756,0.0101579609524253,NA,0.0138390568939006,"Bodó Sándor","Rigán István","Dede Tamás",NA,"Radics Péter","Kovács Imre Krisztián","Szemõk Zoltán",NA,NA,NA,"FIDESZ_egy",0.640643105446118,-0.00983159925423605
"59","HAJDÚ–BIHAR",6,"Hajdúböszörmény",69360,1522,247,71129,43886,1607,45493,63.96,45456,800,1.76,44656,NA,NA,21843,12227,7914,NA,1333,483,NA,NA,NA,856,0.489139197420279,0.273804192045862,0.177221426012182,NA,0.0298504120386958,0.0108160157649588,NA,NA,NA,0.0191687567180222,21697,10304,5160,1229,2016,683,104,444,NA,659,0.512979950822773,0.243616417628145,0.121997351995461,0.0476640817098544,0.0290571212407793,0.016148099111027,0.00245886135804804,0.0104974465670513,NA,0.0155806695668621,"Dr. Tiba István","Demeter Pál","Csige Tamás",NA,"Tóth Tamás","Kovács Roland",NA,NA,NA,NA,"FIDESZ_egy",0.632727797001153,-0.0238407534024934
"60","HEVES",1,"Eger",80189,2688,568,83445,56600,2959,59559,71.38,59502,558,0.94,58944,NA,NA,27374,23115,NA,3987,1914,0,NA,664,NA,1890,0.464406894679696,0.392151872964169,NA,0.0676404723127036,0.0324714983713355,0,NA,0.0112649294245385,NA,0.032064332247557,27037,13043,6117,3155,3257,1240,192,875,NA,634,0.486714671467147,0.234797479747975,0.11011701170117,0.0586318631863186,0.0567956795679568,0.0223222322232223,0.00345634563456346,0.0157515751575158,NA,0.0114131413141314,"Nyitrai Zsolt","Mirkóczki Ádám",NA,"Kertészné Kormos Noémi","Komlósi Csaba","Tóth Zoltán",NA,"Várady Zoltán",NA,NA,"FIDESZ_egy",0.705832470787764,-0.0223077767874507
"61","HEVES",2,"Gyöngyös",76608,2168,392,79168,54249,2350,56599,71.49,56567,820,1.45,55747,NA,NA,25729,23379,4632,NA,1260,NA,191,NA,NA,556,0.461531562236533,0.419376827452598,0.0830896729868872,NA,0.0226021131181947,NA,0.00342619333775809,NA,NA,0.00997363086802877,24144,16714,5028,2714,2032,738,153,503,NA,593,0.458845664113723,0.317641916418024,0.0955548376061879,0.0386172295178548,0.0515783272202056,0.0140253520591421,0.00290769493909044,0.0095592846690359,NA,0.0112696934567362,"Horváth László","Vona Gábor","Orosz Bálint János",NA,"Reichenberger János Gyula",NA,"Réz Ágnes",NA,NA,NA,"FIDESZ_egy",0.708137531328321,0.00268589812280973
"62","HEVES",3,"Hatvan",79465,1742,268,81475,53451,1805,55256,67.82,55203,571,1.03,54632,NA,NA,27726,19219,4755,NA,1703,547,NA,NA,NA,682,0.507504759115537,0.351790159613413,0.0870369014496998,NA,0.0311722067652658,0.0100124469175575,NA,NA,NA,0.0124835261385269,26179,14448,5111,2361,2098,783,105,529,NA,652,0.500880113266751,0.27643209734818,0.0977882370948609,0.0401408181226801,0.0451727700608426,0.0149810584318678,0.00200895419584433,0.0101213025676348,NA,0.0124746489113382,"Szabó Zsolt","Sneider Tamás","Tóth Norbert",NA,"Tóth Norbert","Déri Tibor",NA,NA,NA,NA,"FIDESZ_egy",0.67263575158875,0.00662464584878586
"63","JÁSZ–NAGYKUN–SZOLNOK",1,"Szolnok",77680,2453,538,80671,53955,2717,56672,70.25,56637,410,0.72,56227,NA,NA,23665,19746,8520,NA,2028,863,NA,NA,NA,1405,0.420883205577392,0.351183595069984,0.151528625037793,NA,0.0360680811709677,0.015348498052537,NA,NA,NA,0.0249879950913262,22264,13573,7597,2973,3236,1265,205,775,NA,904,0.421730565237157,0.257103348992272,0.143904379451432,0.0612971662373087,0.0563153508107289,0.0239619639339294,0.00388316411577512,0.0146802545840279,NA,0.0171238066373693,"Dr. Kállai Mária","Dr. Csikós Attila","Györfi Mihály",NA,"Dr. Kelemen István","Szekeres Éva",NA,NA,NA,NA,"FIDESZ_egy",0.694580329557158,-0.000847359659765512
"64","JÁSZ–NAGYKUN–SZOLNOK",2,"Jászberény",71104,1500,235,72839,47033,1564,48597,66.72,48560,625,1.29,47935,NA,NA,24549,16057,NA,3893,2035,298,105,372,NA,626,0.512131010743715,0.334974444560342,NA,0.0812141441535413,0.0424533222071555,0.00621675185146553,0.00219046625638886,0.00776050902263482,NA,0.0130593512047564,24240,11516,4008,1713,2123,782,141,476,NA,542,0.532267626973496,0.252871039283283,0.088008607628291,0.0466173338310533,0.0376144573022112,0.0171713401111087,0.00309611119650425,0.0104521200676314,NA,0.0119013636064206,"Pócs János","Budai Lóránt",NA,"Dr. Gedei József","Eszes Béla","Pálffy István","Urbán Imre","Csinger Marianna",NA,NA,"FIDESZ_egy",0.661467709270927,-0.0201366162297809
"65","JÁSZ–NAGYKUN–SZOLNOK",3,"Karcag",75608,2427,289,78324,47498,2472,49970,63.8,49906,915,1.83,48991,NA,NA,27086,16128,NA,2663,1685,442,NA,NA,NA,987,0.552877059051663,0.329203323059337,NA,0.0543569227000878,0.0343940723806413,0.00902206527729583,NA,NA,NA,0.0201465575309751,25955,10986,3817,1675,1688,483,114,409,NA,674,0.566690683609528,0.239863758433222,0.0833387917294382,0.0368550905002074,0.0365712539027532,0.0105456212746447,0.00248902862382917,0.00892993602759765,NA,0.0147158358987795,"Kovács Sándor","Dr. Lukács László György",NA,"Bodó Jánosné","Sallai Róbert Benedek","Mikle Richárd",NA,NA,NA,NA,"FIDESZ_egy",0.628213945614221,-0.0138136245578656
"66","JÁSZ–NAGYKUN–SZOLNOK",4,"Törökszentmiklós",74043,2047,278,76368,47230,2113,49343,64.61,49303,844,1.71,48459,NA,NA,21668,19760,4668,NA,1119,350,NA,NA,NA,894,0.447140881982707,0.407767390990322,0.096328855320993,NA,0.0230916857549681,0.00722260054891764,NA,NA,NA,0.0184485854020925,21474,13778,4918,1819,1860,530,98,545,NA,714,0.469520727654364,0.301250655938429,0.107530173167745,0.0406681826132587,0.0397717334266224,0.0115882455833479,0.00214273220220395,0.011916214797971,NA,0.0156113346160574,"Boldog István","Csányi Tamás","Rózsa Endre",NA,"Ecseki Virág","Matisz Károly",NA,NA,NA,NA,"FIDESZ_egy",0.637872587550477,-0.0223798456716572
"67","KOMÁROM–ESZTERGOM",1,"Tatabánya",79016,1569,504,81089,55064,1903,56967,70.25,56897,346,0.61,56551,NA,NA,25128,11071,15192,NA,2440,785,NA,985,NA,950,0.444342275114498,0.195770189740234,0.268642464324238,NA,0.0431468939541299,0.0138812753090131,NA,0.017417905960991,NA,0.0167989955968948,21993,11821,8176,3762,4456,1553,265,1138,NA,735,0.408040965509564,0.219317612571662,0.151691125994916,0.0826731479248223,0.0697972133063693,0.0288131505222731,0.00491660327649864,0.0211135642590772,NA,0.013636616634817,"Bencsik János","Boda Bánk László","Fekete Miklós",NA,"Körtvélyfáy Menyhért","Novák László",NA,"Barna Alexandra",NA,NA,"FIDESZ_egy",0.696871519692214,0.0363013096049342
"68","KOMÁROM–ESZTERGOM",2,"Esztergom",80712,1665,499,82876,56339,1947,58286,70.33,58239,426,0.73,57813,NA,NA,26137,19834,NA,6474,2657,NA,NA,958,NA,1753,0.452095549443897,0.343071627488627,NA,0.111981734212028,0.0459585214398146,NA,NA,0.0165706674969298,NA,0.0303218999187034,24389,14276,4889,3786,3797,1245,179,1112,NA,779,0.447899067068244,0.262175861309043,0.0897854991552193,0.0697311393520899,0.0695291265701903,0.02286417395137,0.00328729890545802,0.0204216557702196,NA,0.0143061779181665,"Dr. Völner Pál","Nunkovics Tibor",NA,"Dr. Vadai Ágnes","Dr. Munkácsy Béla Attila",NA,NA,"Papp László",NA,NA,"FIDESZ_egy",0.698025076816335,0.00419648237565307
"69","KOMÁROM–ESZTERGOM",3,"Komárom",81589,1630,322,83541,56093,1762,57855,69.25,57815,467,0.81,57348,NA,NA,29241,15258,7127,NA,2827,1363,NA,974,NA,558,0.509887005649718,0.26605984515589,0.124276347911,NA,0.049295529050708,0.0237671758387389,NA,0.0169840273418428,NA,0.00973006905210295,27483,11687,5592,3080,3380,1151,140,912,NA,690,0.507862884597616,0.215965998336875,0.103335489235887,0.0624595768271274,0.0569158274046013,0.0212695186177585,0.00258708306384551,0.0168529982444794,NA,0.01275062367181,"Czunyiné Dr. Bertalan Judit","Tóth Endre","Sólyom Jöran",NA,"Talabér Gábor","Lakatos Béla",NA,"Velki Dávid",NA,NA,"FIDESZ_egy",0.687506894311733,0.00202412105210137
"70","NÓGRÁD",1,"Salgótarján",76438,2345,374,79157,50243,2471,52714,66.59,52660,669,1.27,51991,NA,NA,24611,11553,NA,4636,8478,320,221,445,NA,1727,0.473370391029217,0.222211536612106,NA,0.0891692792983401,0.163066684618492,0.00615491142697775,0.00425073570425651,0.00855917370314093,NA,0.0332172876074705,24097,10365,7108,2834,2586,567,154,512,NA,781,0.491735368541344,0.211513345849318,0.145049383723778,0.0527712023508285,0.0578320137131663,0.011570484042119,0.00314260060403232,0.010448126683536,NA,0.0159374744918782,"Dr. Becsó Károly","Cseresznyés István",NA,"Kovács Zsolt","Dömsödi Gábor","Tóth Csaba","Nógrádi Nóra","Betes Mona",NA,NA,"FIDESZ_egy",0.657303958763966,-0.018364977512127
"71","NÓGRÁD",2,"Balassagyarmat",78022,2380,348,80750,53047,2479,55526,68.76,55436,602,1.09,54834,NA,NA,29754,15062,6776,NA,2095,NA,NA,NA,NA,1147,0.542619542619543,0.274683590473064,0.123572965678229,NA,0.0382062224167487,NA,NA,NA,NA,0.0209176788124157,28033,10831,5314,2037,2155,619,133,509,NA,864,0.555163877611645,0.214496484800475,0.105238142390336,0.0426774928210714,0.0403406277849292,0.0122586394692544,0.00263392415090603,0.0100802059609862,NA,0.0171106050103971,"Balla Mihály","Dobrocsi Lénárd","Csukáné Szerémy Andrea",NA,"Gyenes Szilárd",NA,NA,NA,NA,NA,"FIDESZ_egy",0.679897977493527,-0.0125443349921022
"72","PEST",1,"Érd",80577,1529,779,82885,60130,2061,62191,75.03,62119,417,0.67,61702,NA,NA,26987,8014,21888,NA,2264,1035,NA,1146,NA,368,0.437376422158115,0.129882337687595,0.35473728566335,NA,0.0366924897085994,0.0167741726362192,NA,0.0185731418754659,NA,0.00596415027065573,25450,10215,9433,3451,5081,2275,509,1360,NA,539,0.436437844048497,0.175175346835183,0.161764958071099,0.0871332292970693,0.0591806286762814,0.0390135990259462,0.00872875688096994,0.0233224152418843,NA,0.00924322192307033,"Aradszki András","Vágó Sebestyén","Dr. Csõzik László",NA,"Turcsán Szabolcs","Gál Alex",NA,"Szécsi Barbara",NA,NA,"FIDESZ_egy",0.746242724350621,0.000938578109617894
"73","PEST",2,"Budakeszi",87203,1745,1308,90256,68275,2763,71038,78.71,70861,650,0.92,70211,NA,NA,30990,5923,NA,NA,30694,0,NA,1544,NA,1060,0.441383828744784,0.0843600005697113,NA,NA,0.437167965133669,0,NA,0.0219908561336543,NA,0.0150973494181823,29043,8222,7488,3764,10331,3159,615,1704,NA,555,0.447634900818421,0.126724310661056,0.115411291441254,0.159229974877083,0.0580139023751175,0.048689138576779,0.00947889212558376,0.0262634669625931,NA,0.00855412216211218,"Csenger-Zalán Zsolt","Császárné Kollár Tímea Annamária",NA,NA,"Dr. Szél Bernadett","Szemzõ Áron",NA,"Betlehem Csaba",NA,NA,"FIDESZ_egy",0.782943247365343,-0.00625107207363784
"74","PEST",3,"Szentendre",85287,1759,1024,88070,64696,2539,67235,76.34,67149,546,0.81,66603,NA,NA,30711,11624,NA,12852,4706,1469,2044,1827,NA,1370,0.461105355614612,0.174526672972689,NA,0.192964280888248,0.0706574778913863,0.0220560635406814,0.0306893082894164,0.0274311967929373,NA,0.0205696440100296,29180,9369,6722,4108,6208,2788,959,1815,NA,689,0.471878133186714,0.151508781008441,0.108703386267344,0.100391345127591,0.0664316439729616,0.0450855461043371,0.015508263527281,0.0293508845693586,NA,0.0111420162359714,"Hadházy Sándor","Pál Gábor",NA,"Király Miklós","Drávucz Zsolt","Vásárhelyi Judit","Spät Judit","Kövesdi Miklós Gábor",NA,NA,"FIDESZ_egy",0.758568128788678,-0.0107727775721017
"75","PEST",4,"Vác",71719,1682,483,73884,52317,1997,54314,73.51,54259,651,1.2,53608,NA,NA,27559,12824,NA,0,10131,930,974,NA,NA,1190,0.514083718847933,0.239218027160125,NA,0,0.188982987613789,0.0173481569914938,0.0181689300104462,NA,NA,0.0221981793762125,26194,9684,4675,2417,4375,1302,363,928,NA,691,0.517371466945822,0.191273775899188,0.0923383831400976,0.086412925398487,0.0477394378715756,0.0257164865985897,0.00716980386734875,0.0183294159473819,NA,0.0136483043315096,"Rétvári Bence","Fehér Zsolt",NA,"Krauze István","Matkovich Ilona","Juhász Béla Róbert","Dr. Jakab Zoltán",NA,NA,NA,"FIDESZ_egy",0.72947196698225,-0.00328774809788845
"76","PEST",5,"Dunakeszi",91122,1685,928,93735,69125,2340,71465,76.24,71423,849,1.19,70574,NA,NA,30537,10902,NA,25576,0,2502,0,NA,NA,1057,0.432694760109956,0.154476152690793,NA,0.362399750616374,0,0.0354521495168192,0,NA,NA,0.0149771870660583,28212,11839,7959,6363,6694,3346,661,1701,NA,822,0.417355799813601,0.175140908620205,0.117741911623297,0.0990280633755936,0.094131396363744,0.0494992381318698,0.00977854046777224,0.0251638386318919,NA,0.0121603029720254,"Tuzson Bence","Varga Zoltán Péter",NA,"Rónai Sándor","Dr. Kiss Csaba","Kohut Ákos","Dr. Vargha Nóra",NA,NA,NA,"FIDESZ_egy",0.758598362634709,0.0153389602963543
"77","PEST",6,"Gödöllõ",85531,1573,637,87741,63211,2029,65240,74.36,65186,758,1.16,64428,NA,NA,29588,12343,4776,NA,14763,848,233,1109,NA,768,0.459241323648103,0.191578195815484,0.0741292605699385,NA,0.229139504563233,0.0131619792636742,0.00361644005711802,0.0172130129757248,NA,0.0119202831067238,29292,11350,6502,3109,7209,1956,379,1217,NA,635,0.475141527032069,0.184106798163798,0.105468053009781,0.116936203344742,0.0504306639199338,0.0317280085646158,0.00614770718097617,0.019740790604876,NA,0.0103002481792081,"Vécsey László József","Vig János","Makrai Zoltán",NA,"Lengyel Szilvia","Molnár László","Kis Imre","Bõsze Gábor",NA,NA,"FIDESZ_egy",0.739041984777449,-0.0159002033839653
"78","PEST",7,"Vecsés",85943,1296,543,87782,60611,1640,62251,70.92,62175,854,1.37,61321,NA,NA,27485,18114,NA,8744,3538,1350,705,NA,NA,1385,0.448215130216402,0.295396356876111,NA,0.142593891162897,0.057696384599077,0.0220152965541984,0.0114968770894147,NA,NA,0.0225860635018998,25756,13166,6634,4018,4622,1952,482,1249,NA,775,0.439117536740887,0.224468919425785,0.113103965628943,0.0788011047839875,0.0685034268762574,0.0332799127084257,0.00821768336345347,0.021294370375422,NA,0.0132130800968391,"Dr. Szûcs Lajos","Sas Zoltán",NA,"Nyeste Andrea","Apostol Klaudia","Kalasovszky Bernadett","Tóth Judit",NA,NA,NA,"FIDESZ_egy",0.705246500587599,0.00909759347551498
"79","PEST",8,"Szigetszentmiklós",86549,1689,662,88900,61157,2068,63225,71.12,63144,485,0.77,62659,NA,NA,25272,12758,19188,NA,3016,1355,0,NA,NA,1070,0.403325938811663,0.203610016118993,0.306228953542189,NA,0.0481335482532438,0.0216249860355256,0,NA,NA,0.0170765572383855,24350,12700,9208,3984,4571,2231,457,1217,NA,794,0.409161177577631,0.213402339024062,0.154725097459336,0.076808038714881,0.0669444817851862,0.037488237666353,0.00767912353810996,0.0204496572119909,NA,0.0133418470224493,"Bóna Zoltán","Lupa János","Stefanik Zsolt",NA,"Hevényiné Danics Nikoletta","Tótok József","Ketskeméty-Rády Magdolna",NA,NA,NA,"FIDESZ_egy",0.7066170608557,-0.00583523876596831
"80","PEST",9,"Nagykáta",73762,1595,248,75605,47010,1615,48625,64.31,48623,760,1.56,47863,NA,NA,24051,16017,3426,NA,1409,NA,163,NA,2144,653,0.502496709357959,0.334642625827884,0.0715792992499425,NA,0.0294381881620458,NA,0.00340555335018699,NA,0.0447945176858952,0.0136431063660865,24615,10767,4119,1843,2071,762,201,614,NA,615,0.539719779858355,0.236082180367049,0.0903150832109106,0.0454096958800184,0.0404104633060714,0.0167079614971386,0.0044072181901901,0.0134628456158046,NA,0.0134847720744623,"Czerván György","Bozsik József","Török Zsolt",NA,"Szalay Sándor",NA,"Mérõ Péter Ferenc",NA,"Majoros Tibor",NA,"FIDESZ_egy",0.637320029283371,-0.0372230705003959
"81","PEST",10,"Monor",75401,1409,325,77135,48326,1533,49859,64.64,49818,423,0.85,49395,NA,NA,25989,12944,7065,NA,1666,795,287,NA,NA,649,0.526146371090191,0.262050814859804,0.143030671120559,NA,0.0337281101326045,0.0160947464318251,0.00581030468670918,NA,NA,0.0131389816783075,23907,10455,5309,2114,2414,1002,226,783,NA,716,0.509461705664237,0.222797596215318,0.113135575160892,0.0514426970123173,0.0450496526445894,0.0213527681882112,0.00481609342368836,0.0166858457997698,NA,0.0152580658909773,"Pogácsás Tibor","Lendvay Endre","Torzsa Sándor",NA,"Lutter Ferenc","Janzsó Miklós Csaba","Papp Roland",NA,NA,NA,"FIDESZ_egy",0.640919881699182,0.016684665425954
"82","PEST",11,"Dabas",83643,1478,423,85544,57394,1701,59095,69.08,59052,588,1,58464,NA,NA,29780,17231,7157,NA,3300,0,NA,NA,NA,996,0.509373289545703,0.29472837985769,0.122417214012042,NA,0.0564449917898194,0,NA,NA,NA,0.0170361247947455,28171,11790,5690,2658,3754,1366,288,921,NA,802,0.508134920634921,0.212662337662338,0.102633477633478,0.0677128427128427,0.0479437229437229,0.0246392496392496,0.00519480519480519,0.0166125541125541,NA,0.0144660894660895,"Pánczél Károly","Magyar Péter","Kücsön Sándor",NA,"Török László","Galgóczi Péter",NA,NA,NA,NA,"FIDESZ_egy",0.686178161950193,0.00123836891078277
"83","PEST",12,"Cegléd",73141,1462,314,74917,47295,1589,48884,65.25,48864,788,1.61,48076,NA,NA,24826,16145,NA,3372,1961,638,NA,588,NA,546,0.516390714701722,0.335822447790998,NA,0.070138946667776,0.0407895831599967,0.0132706547965721,NA,0.0122306348281887,NA,0.0113570180547467,24654,10877,4058,2106,2385,903,128,593,NA,485,0.533763450172119,0.235488969235099,0.0878564160297906,0.0516356708307173,0.0455952716014636,0.0195501093333911,0.00277122258546407,0.0128385546342203,NA,0.010500335577735,"Földi László","Volner János",NA,"Dr. Szüdi János","Földi Áron","Mucsinyi Levente",NA,"Kis Viktor",NA,NA,"FIDESZ_egy",0.646627746407624,-0.0173727354703966
"84","SOMOGY",1,"Kaposvár",61206,2193,380,63779,42698,2359,45057,70.65,45013,463,1.03,44550,NA,NA,19466,14206,NA,5700,2057,743,450,NA,NA,1928,0.436947250280584,0.318877665544332,NA,0.127946127946128,0.0461728395061728,0.0166778900112233,0.0101010101010101,NA,NA,0.0432772166105499,18762,9460,4981,3050,2912,1071,277,568,NA,531,0.450879553974815,0.227338267807363,0.11970104777468,0.0699798135153321,0.0732961645679131,0.0257377679515524,0.0066567336345285,0.0136499086801884,NA,0.0127607420936268,"Gelencsér Attila","Miháldinecz Gábor",NA,"Dr. László Imre","Dr. Busa József","Berg Dániel","Kerepesi Tibor",NA,NA,NA,"FIDESZ_egy",0.697611345292945,-0.0139323036942313
"85","SOMOGY",2,"Barcs",59759,1756,196,61711,38030,1788,39818,64.52,39756,600,1.51,39156,NA,NA,20217,14951,NA,2340,787,NA,96,NA,NA,765,0.516319338032485,0.381831647767903,NA,0.0597609561752988,0.0200990908162223,NA,0.00245173153539687,NA,NA,0.0195372356726938,19332,9626,3157,1723,1218,326,91,222,NA,440,0.534993773349938,0.266389926663899,0.0873668188736682,0.0337069323370693,0.047682302476823,0.00902172409021724,0.00251833402518334,0.00614362806143628,NA,0.0121765601217656,"Szászfalvi László","Ander Balázs",NA,"Remes Gábor","Sipos Zoltán",NA,"Gyertyás Lászlóné",NA,NA,NA,"FIDESZ_egy",0.636389497816229,-0.0186744353174523
"86","SOMOGY",3,"Marcali",61189,2298,295,63782,40535,2372,42907,67.27,42868,649,1.51,42219,NA,NA,21892,15695,3029,NA,835,0,NA,NA,NA,768,0.518534309197281,0.371752054762074,0.0717449489566309,NA,0.0197778251498141,0,NA,NA,NA,0.0181908619342002,21766,9294,3758,1823,1602,532,109,366,NA,532,0.54713186868433,0.233623246694485,0.0944648333417123,0.0402694686038912,0.0458247448594842,0.0133728822080338,0.00273993263284903,0.00920014076718114,NA,0.0133728822080338,"Móring József Attila","Dr. Steinmetz Ádám","Dr. Mészáros Géza József",NA,"Filák Péter","Fábián László",NA,NA,NA,NA,"FIDESZ_egy",0.662455670136789,-0.0285975594870488
"87","SOMOGY",4,"Siófok",62374,2499,384,65257,42600,2659,45259,69.36,45220,374,0.83,44846,NA,NA,22920,8635,11221,NA,918,478,NA,NA,NA,674,0.511082370780003,0.192547830352763,0.250211836061187,NA,0.020470053070508,0.0106586986576283,NA,NA,NA,0.0150292110779111,21445,9164,4751,2320,2041,814,148,503,NA,539,0.513960455362492,0.219628520071899,0.113864589574596,0.0489155182744158,0.0556021569802277,0.0195086878370282,0.00354703415218694,0.0120551228280407,NA,0.0129179149191132,"Witzmann Mihály","Potocskáné Kõrösi Anita","Dr. Magyar György",NA,"Gál Ferenc","Nagy Dávid",NA,NA,NA,NA,"FIDESZ_egy",0.682976881392888,-0.00287808458248984
"88","SZABOLCS–SZATMÁR–BEREG",1,"Nyíregyháza",72056,2978,633,75667,51283,3304,54587,72.14,54526,537,0.98,53989,NA,NA,21779,10372,17725,NA,1792,838,0,670,NA,813,0.403396988275389,0.192113208246124,0.328307618218526,NA,0.0331919465076219,0.0155216803422919,0,0.0124099353572024,NA,0.0150586230528441,20657,10443,9216,3236,3188,1459,260,768,NA,694,0.413793794194828,0.209190521023217,0.184611686464614,0.0638609002223513,0.0648224194226878,0.0292261773602292,0.00520822900182288,0.0153843072053845,NA,0.0139019651048657,"Dr. Szabó Tünde","Lengyel Máté","Csabai Lászlóné",NA,"Dr. Szoboszlay György Csaba","Babosi György","Lövei Csaba","Vajas Károly",NA,NA,"FIDESZ_egy",0.711710336405018,-0.0103968059194384
"89","SZABOLCS–SZATMÁR–BEREG",2,"Nyíregyháza",70692,2067,295,73054,45420,2107,47527,65.06,47471,703,1.48,46768,NA,NA,22395,16393,NA,4909,1303,493,NA,NA,NA,1275,0.478853061922682,0.350517447827574,NA,0.104964933287718,0.027860930550804,0.010541395826206,NA,NA,NA,0.0272622305850154,21401,11563,4471,2066,1752,714,119,465,NA,1017,0.491209144326111,0.265401211898641,0.10262118986412,0.040213000367242,0.0474201248622842,0.0163881748071979,0.00273136246786632,0.010672970987881,NA,0.0233428204186559,"Dr. Vinnai Gyõzõ","Dr. Fülöp Erik",NA,"Dr. Helmeczy László","Cselószki Tamás","Szántó Gábor",NA,NA,NA,NA,"FIDESZ_egy",0.642505516890171,-0.0123560824034287
"90","SZABOLCS–SZATMÁR–BEREG",3,"Kisvárda",77533,2496,397,80426,50456,2619,53075,65.99,53021,696,1.31,52325,NA,NA,32374,14513,NA,2512,1239,363,NA,NA,NA,1324,0.618709985666507,0.277362637362637,NA,0.0480076445293837,0.0236789297658863,0.00693741041567129,NA,NA,NA,0.025303392259914,28546,11026,4398,1793,1533,481,115,297,NA,748,0.583321413245601,0.225310092567996,0.0898706500194127,0.0313259905592905,0.0366389439483417,0.00982896376974477,0.00234996015284958,0.00606902752518544,NA,0.0152849582115782,"Dr. Seszták Miklós","Dr. Gyüre Csaba",NA,"Rakóczki Dénesné","Makranczi István","Matejka Rita",NA,NA,NA,NA,"FIDESZ_egy",0.650768060051849,0.0353885724209059
"91","SZABOLCS–SZATMÁR–BEREG",4,"Vásárosnamény",73750,2544,881,77175,47965,3001,50966,66.04,50910,923,1.81,49987,NA,NA,29865,13641,4229,NA,461,241,46,NA,NA,1504,0.597455338387981,0.272890951647428,0.084601996519095,NA,0.00922239782343409,0.00482125352591674,0.000920239262208174,NA,NA,0.0300878228339368,29157,9457,4022,1271,999,295,88,185,NA,571,0.63322836355739,0.205386035400152,0.0873493321750461,0.0216961667933543,0.0276034314257791,0.00640677598001955,0.00191117385166685,0.00401780866543599,NA,0.0124009121511565,"Dr. Tilki Attila","Adorján Béla","Bihari Miklós",NA,"Tempfli József","Áncsán Márton","Jóczik Bálint",NA,NA,NA,"FIDESZ_egy",0.650372881355932,-0.0357730251694086
"92","SZABOLCS–SZATMÁR–BEREG",5,"Mátészalka",73484,2156,398,76038,47272,2258,49530,65.14,49490,1164,2.35,48326,NA,NA,28294,15897,NA,2032,864,319,NA,NA,NA,920,0.585481935190167,0.328953358440591,NA,0.0420477589703265,0.0178785746802963,0.00660100153126681,NA,NA,NA,0.0190373711873526,27748,10501,3751,1431,994,341,86,186,NA,491,0.609457708273847,0.23064420479255,0.0823870500120802,0.0218322387928573,0.0314305168134596,0.00748973181928002,0.00188890597201783,0.00408530826506183,NA,0.010784335258846,"Kovács Sándor","Dr. Apáti István",NA,"Csomáliné Rácz Erika","Tárkányi Sándor","Magyar Péter",NA,NA,NA,NA,"FIDESZ_egy",0.64329649991835,-0.0239757730836807
"93","SZABOLCS–SZATMÁR–BEREG",6,"Nyírbátor",71971,1866,291,74128,46739,1962,48701,65.7,48659,902,1.85,47757,NA,NA,26994,9696,9302,NA,691,345,NA,NA,NA,729,0.56523650983102,0.20302782838118,0.194777728919321,NA,0.0144690830663568,0.00722407186381054,NA,NA,NA,0.0152647779383127,27081,9014,5586,989,1086,411,76,258,NA,614,0.60026598692231,0.199800509808268,0.123816912335144,0.0240718164690236,0.0219217555136872,0.00911005208910562,0.00168458384129447,0.00571871882965754,NA,0.0136096641915106,"Dr. Simon Miklós","Kész Géza","Dr. Veres János",NA,"Czimre József","Bankus Tibor János",NA,NA,NA,NA,"FIDESZ_egy",0.649414347445499,-0.0350294770912901
"94","TOLNA",1,"Szekszárd",60233,1630,396,62259,40495,1833,42328,67.99,42272,619,1.46,41653,NA,NA,21477,3899,0,NA,14896,0,NA,601,NA,780,0.515617122416153,0.0936067029985835,0,NA,0.35762129978633,0,NA,0.0144287326243008,NA,0.0187261421746333,20799,5709,4973,1829,4231,770,106,592,NA,458,0.526997238199002,0.144652494489067,0.126004003344566,0.10720348645704,0.0463425139990372,0.0195099703549801,0.00268578812678947,0.0149998733118808,NA,0.0116046317176375,"Horváth István","Szabó Balázs","Dr. Harangozó Tamás",NA,"Dr. Hadházy Ákos","Rácz Norbert",NA,"Pesti Vendel",NA,NA,"FIDESZ_egy",0.672305878837182,-0.0113801157828491
"95","TOLNA",2,"Dombóvár",59452,1493,334,61279,39717,1643,41360,67.49,41328,423,1.02,40905,NA,NA,23910,10127,NA,3468,1966,468,NA,NA,NA,966,0.584525119178585,0.247573646253514,NA,0.0847818115144848,0.0480625840361814,0.0114411441144114,NA,NA,NA,0.0236156949028236,21515,7111,3380,1972,2019,564,96,393,NA,561,0.57204009465316,0.189067028263008,0.0898673260482306,0.0536811039323602,0.0524314695168967,0.0149956129855627,0.00255244476350004,0.0104490707505783,NA,0.0149158490867034,"Potápi Árpád János","Fenyvesi Csaba Zsolt",NA,"Gecséné Dr. Slárku Szilvia","Dr. Kretz István József","Sárdi Csaba László",NA,NA,NA,NA,"FIDESZ_egy",0.668051537374689,0.0124850245254245
"96","TOLNA",3,"Paks",59680,1575,249,61504,39581,1671,41252,67.07,41216,362,0.88,40854,NA,NA,23605,9900,4806,NA,1259,527,NA,NA,NA,757,0.577789200567876,0.24232633279483,0.117638419738581,NA,0.0308170558574436,0.0128995936750379,NA,NA,NA,0.018529397366231,21857,7664,3683,1668,1773,754,119,484,NA,552,0.566919126420086,0.198786118171915,0.0955283498469679,0.0459874461793848,0.0432639933599627,0.0195569850080407,0.00308657986201172,0.012553820615241,NA,0.0143175805363905,"Süli János","Bencze János","Heringes Anita",NA,"Dömötörné Solymár Orsika","Dobosi Norbert",NA,NA,NA,NA,"FIDESZ_egy",0.663220509383378,0.0108700741477897
"97","VAS",1,"Szombathely",67392,1885,333,69610,50754,2076,52830,75.89,52759,505,0.96,52254,NA,NA,26086,6576,15950,NA,1854,610,NA,748,NA,430,0.499215371072071,0.125846825123436,0.305239790255291,NA,0.0354805373751292,0.011673747464309,NA,0.0143146936119723,NA,0.00822903509779156,25377,6525,7977,2625,3948,1457,264,867,NA,482,0.512438916037317,0.131759621986188,0.161079924074149,0.0797221436937119,0.0530067444772021,0.0294212673155365,0.00533096401599289,0.017507370461613,NA,0.00973304793829005,"Dr. Hende Csaba","Balassa Péter","Dr. Nemény András",NA,"Németh Ákos","Falta Péter",NA,"Viszlayné Pavelkovits Petra",NA,NA,"FIDESZ_egy",0.753116096866097,-0.0132235449652457
"98","VAS",2,"Sárvár",67774,1646,211,69631,49537,1716,51253,73.61,51216,340,0.66,50876,NA,NA,31226,9278,7110,NA,1826,677,NA,NA,NA,759,0.613766805566475,0.182364965799198,0.139751552795031,NA,0.0358911864140263,0.0133068637471499,NA,NA,NA,0.0149186256781193,29646,7389,5119,1595,2696,892,112,608,NA,658,0.608559991788977,0.151678127886688,0.105080570666119,0.0553422970337678,0.0327414554038797,0.0183105819562763,0.00229908652365801,0.0124807554141435,NA,0.0135071333264908,"Ágh Péter","Rába Kálmán","Dr. Horváth Attila",NA,"György István Péter","Kovács Attila",NA,NA,NA,NA,"FIDESZ_egy",0.730914509989081,0.00520681377749865
"99","VAS",3,"Körmend",65674,1634,217,67525,47696,1710,49406,73.17,49372,612,1.24,48760,NA,NA,30970,13072,NA,2093,1526,506,NA,NA,NA,593,0.635151763740771,0.268088597210829,NA,0.0429245283018868,0.0312961443806399,0.010377358490566,NA,NA,NA,0.0121616078753076,30269,7768,3246,1562,2029,690,124,484,NA,500,0.648547308878985,0.166438121357559,0.0695491943777854,0.0434736030167981,0.033467603702434,0.0147840246828934,0.00265683921837504,0.0103702434007542,NA,0.0107130613644155,"V.Németh Zsolt","Bana Tibor",NA,"Balogh Tibor","Bogáti András","Gerencsér Mária",NA,NA,NA,NA,"FIDESZ_egy",0.726253920881932,-0.0133955451382142
"100","VESZPRÉM",1,"Veszprém",69905,1890,529,72324,51315,2241,53556,74.05,53523,358,0.67,53165,NA,NA,25920,7054,NA,NA,1811,744,NA,818,16688,130,0.487538794319571,0.132681275275087,NA,NA,0.0340637637543497,0.0139941690962099,NA,0.015386062259005,0.313890717577354,0.00244521771842377,23913,9196,6276,2563,4122,1544,287,936,NA,610,0.483608712358687,0.185976904564483,0.126923776973325,0.0833619835379295,0.0518332760329241,0.0312253523975165,0.00580419438995288,0.0189293587073028,NA,0.0123364410378789,"Ovádi Péter","Dr. Varga-Damm Andrea",NA,NA,"Hites Viktor","Dr. Mezõdi János",NA,"Szimmer Ákos","Kész Zoltán",NA,"FIDESZ_egy",0.734067663257278,0.00393008196088407
"101","VESZPRÉM",2,"Balatonfüred",70656,2728,516,73900,49747,2981,52728,71.35,52692,782,1.48,51910,NA,NA,26280,17735,NA,5473,0,1276,NA,NA,NA,1146,0.506260836062416,0.341649007898286,NA,0.105432479291081,0,0.0245810055865922,NA,NA,NA,0.0220766711616259,24262,9746,5286,2853,3094,1229,224,820,NA,630,0.503946493851778,0.202434363575939,0.109795613160518,0.0642655367231638,0.0592597208374875,0.0255275839149219,0.00465270854104354,0.0170322366234629,NA,0.0130857427716849,"Kontrát Károly","Kepli Lajos",NA,"Deák Istvánné","Ságodi Zoltán","Kiss László",NA,NA,NA,NA,"FIDESZ_egy",0.70407325634058,0.00231434221063764
"102","VESZPRÉM",3,"Tapolca",67314,2438,342,70094,46506,2556,49062,69.99,48998,313,0.64,48685,NA,NA,22838,19748,3992,NA,1107,NA,NA,576,NA,424,0.469097257882305,0.40562801684297,0.0819965081647325,NA,0.0227380096538975,NA,NA,0.0118311594947109,NA,0.00870904796138441,23317,10958,5258,1985,2105,700,118,605,NA,460,0.512393970025931,0.24080341053927,0.115545202830396,0.0462576363556454,0.0436206214565112,0.0153825869116161,0.00259306465081528,0.0132949501164682,NA,0.0101085571133477,"Fenyvesi Zoltán","Rig Lajos","Kárpáti Lajos",NA,"Takács Lajos",NA,NA,"Pavlovics Márk",NA,NA,"FIDESZ_egy",0.690881540244229,-0.0432967121436261
"103","VESZPRÉM",4,"Pápa",68289,1802,288,70379,47511,1922,49433,70.24,49394,446,0.9,48948,NA,NA,28557,11914,6519,NA,1063,411,NA,NA,NA,484,0.583415052708997,0.243401160415134,0.133182152488355,NA,0.0217169240827,0.00839666584947291,NA,NA,NA,0.00988804445534036,26962,9322,4405,1760,1648,644,114,439,NA,539,0.588266096480702,0.203390570113237,0.096109789889381,0.0359566251390919,0.0384002792747584,0.014051011280082,0.00248729081666048,0.00957825147819257,NA,0.0117600855278947,"Dr. Kovács Zoltán","Töreki Milán","Gõgös Zoltán",NA,"Tomán Attila","Iker Áron",NA,NA,NA,NA,"FIDESZ_egy",0.695734305671484,-0.00485104377170442
"104","ZALA",1,"Zalaegerszeg",74491,2850,362,77703,55145,3007,58152,74.84,58085,449,0.77,57636,NA,NA,30433,12616,8895,NA,2918,912,NA,NA,NA,1862,0.528020681518495,0.218890970920952,0.154330626691651,NA,0.050628079672427,0.0158234436810327,NA,NA,NA,0.0323061975154417,29404,9771,6123,2569,3662,1239,203,687,NA,726,0.540673727566931,0.179666813768756,0.11258826125331,0.0673359811709326,0.0472381582818476,0.0227824360105914,0.00373271550456016,0.0126323918799647,NA,0.0133495145631068,"Vigh László","Benke Richárd","Góra Balázs",NA,"Dr. Paksy Zoltán","Fodor Zsolt",NA,NA,NA,NA,"FIDESZ_egy",0.740290773382019,-0.0126530460484361
"105","ZALA",2,"Keszthely",71508,2639,381,74528,49206,2804,52010,69.79,51963,408,0.79,51555,NA,NA,28617,14595,NA,4245,2115,1095,351,NA,NA,537,0.555077102123945,0.283095723014257,NA,0.0823392493453593,0.0410241489671225,0.0212394530113471,0.00680826302007565,NA,NA,0.0104160605178935,27377,9579,3796,2343,2615,956,170,582,NA,556,0.570663275941135,0.199670654938091,0.0791261933547338,0.0545086922082795,0.0488389544336516,0.0199274607078834,0.00354358610914245,0.01213157126777,NA,0.011589611039313,"Manninger Jenõ","Dr. Weller-Jakus Tamás",NA,"Kovács Viktória","Temesváry Tibor","Elekes István","Csontos Gábor",NA,NA,NA,"FIDESZ_egy",0.688118811881188,-0.0155861738171894
"106","ZALA",3,"Nagykanizsa",72467,2378,311,75156,49619,2495,52114,69.34,52056,489,0.94,51567,NA,NA,25161,17840,NA,5136,1863,751,NA,NA,NA,816,0.487928326255163,0.34595768611709,NA,0.0995985804875211,0.036127756123102,0.0145635774817228,NA,NA,NA,0.0158240735354005,24264,11795,5264,3094,2482,874,136,426,NA,616,0.49567935282221,0.240955240955241,0.107536107536108,0.0507037649894793,0.0632060632060632,0.0178545892831607,0.00277828849257421,0.00870258013115156,NA,0.0125840125840126,"Cseresnyés Péter","Zakó László",NA,"Horváth Jácint","Dr. Károlyi Attila József","Dr. Polónyi Tamás",NA,NA,NA,NA,"FIDESZ_egy",0.684711661859881,-0.00775102656704679
