"","MEGYE","OEVK","SZEKHELY","AE","BE","CE","EE","FE","IE","JE","JE_pct","KE","ME","ME_pct","NE","ERVTL_LST","ERV_LST","FIDESZ_egy","JOBBIK_egy","MSZP_egy","DK_egy","LMP_egy","MOMENTUM_egy","EGYUTT_egy","MKKP_egy","FUGGETLEN_egy","MAS_egy","FIDESZ_egy_pct","JOBBIK_egy_pct","MSZP_egy_pct","DK_egy_pct","LMP_egy_pct","MOMENTUM_egy_pct","EGYUTT_egy_pct","MKKP_egy_pct","FUGGETLEN_egy_pct","MAS_egy_pct","FIDESZ_lst","JOBBIK_lst","MSZP_lst","DK_lst","LMP_lst","MOMENTUM_lst","EGYUTT_lst","MKKP_lst","FUGGETLEN_lst","MAS_lst","FIDESZ_lst_pct","JOBBIK_lst_pct","MSZP_lst_pct","DK_lst_pct","LMP_lst_pct","MOMENTUM_lst_pct","EGYUTT_lst_pct","MKKP_lst_pct","FUGGETLEN_lst_pct","MAS_lst_pct","FIDESZ_egy_jlt","JOBBIK_egy_jlt","MSZP_egy_jlt","DK_egy_jlt","LMP_egy_jlt","MOMENTUM_egy_jlt","EGYUTT_egy_jlt","MKKP_egy_jlt","FUGGETLEN_egy_jlt","MAS_egy_jlt","winner","FE_pct","LEFTLIB_OPP_lst_pct","LEFTLIB_OPP_egy_pct","LEFTLIB_OPP_lst","LEFTLIB_OPP_egy","FIDESZ_dev_lst_egy","JOBBIK_dev_lst_egy","LEFTLIB_OPP_dev_lst_egy","FIDESZ_dev_lst_egy_vts","JOBBIK_dev_lst_egy_vts","LEFTLIB_OPP_dev_lst_egy_vts"
"1","BARANYA",1,"Pécs",74924,2694,904,78522,53208,3296,56504,71.96,56434,431,0.76,56003,563,55206,20702,7887,NA,NA,3059,1011,NA,976,21988,380,0.369658768280271,0.140831741156724,NA,NA,0.0546220738174741,0.0180526043247683,NA,0.0174276378051176,0.392621823830866,0.00678535078477939,20780,11073,8139,4038,6267,2378,481,1439,NA,611,0.376408361409992,0.20057602434518,0.147429627214433,0.0731442234539724,0.11352026953592,0.0430750280766583,0.00871282107017353,0.0260660073180451,NA,0.0110676375756258,"Csizi Péter","Fogarasi Gábor",NA,NA,"Dr. Keresztes László Lóránt","Nemes Balázs",NA,"Nagy Richárd","Dr. Mellár Tamás",NA,"FUGGETLEN_egy",0.710159628423469,0.385881969351157,0.0726746781422424,21303,4070,-0.00674959312972095,-0.0597442831884561,-0.313207291208915,-78,-3186,-17233
"2","BARANYA",2,"Pécs",75366,2331,674,78371,51371,2751,54122,69.06,54020,495,0.92,53525,375,52498,21471,11858,NA,11160,4899,1039,1277,1015,NA,806,0.401139654367118,0.221541335824381,NA,0.208500700607193,0.0915273236805231,0.0194114899579636,0.0238580102755722,0.0189631013545072,NA,0.0150583839327417,20827,11347,6749,4381,5213,1653,475,1142,NA,711,0.396719875042859,0.216141567297802,0.128557278372509,0.0834507981256429,0.0992990209150825,0.0314869137871919,0.00904796373195169,0.0217532096460818,NA,0.0135433730808793,"Dr. Hoppál Péter","Gyimesi Gábor",NA,"Nagy Ferenc","Hohn Krisztina","Körömi Attila","Berkecz Balázs","Martos Csongor",NA,NA,"FIDESZ_egy",0.681620359313218,0.351841974932378,0.343297524521252,18471,18375,0.00441977932425941,0.00539976852657931,-0.00854445041112667,644,511,-96
"3","BARANYA",3,"Mohács",71193,1678,358,73229,46787,1843,48630,66.41,48528,625,1.29,47903,525,42958,27603,11359,NA,4262,3345,NA,NA,NA,NA,1334,0.576226958645596,0.237125023484959,NA,0.0889714631651462,0.0698286119867232,NA,NA,NA,NA,0.0278479427175751,23824,7838,3997,2240,2685,859,139,613,NA,763,0.554588202430281,0.182457283858653,0.0930443689184785,0.0521439545602682,0.0625029098188929,0.0199962754318171,0.00323571860887378,0.0142697518506448,NA,0.0177615345220913,"Dr. Hargitai János","Szõcs Norbert",NA,"Lukács János","Bosnyák András",NA,NA,NA,NA,NA,"FIDESZ_egy",0.65718539744076,0.23092322733833,0.158800075151869,9920,7607,0.0216387562153155,0.0546677396263066,-0.0721231521864611,3779,3521,-2313
"4","BARANYA",4,"Szigetvár",76052,1711,340,78103,49001,1838,50839,65.09,50763,734,1.45,50029,725,48167,24479,7914,13605,NA,1667,383,144,535,NA,1302,0.489296208199244,0.158188250814528,0.271942273481381,NA,0.0333206740090747,0.00765555977533031,0.0028783305682704,0.0106937975973935,NA,0.0260249055547782,24860,9787,6086,2437,2703,733,212,618,NA,731,0.516120995702452,0.203188905267092,0.126352066767704,0.0505948055722798,0.056117258704092,0.0152178877654826,0.00440135362385035,0.0128303610355638,NA,0.015176365561484,"Nagy Csaba","Andrics Aliz","Dr. Vass Péter",NA,"Angyal Károly Tibor","Gergely Attila","Rajnai Attila","Iván Petra",NA,NA,"FIDESZ_egy",0.644309156892652,0.252683372433409,0.315796837834056,12171,15799,-0.0268247875032074,-0.045000654452564,0.0631134654006475,-381,-1873,3628
"5","BORSOD–ABAÚJ–ZEMPLÉN",1,"Miskolc",73339,2254,526,76119,51137,2514,53651,70.48,53584,389,0.73,53195,453,53075,20724,20597,NA,6151,1671,576,NA,NA,2167,1309,0.389585487357834,0.387198044929035,NA,0.115631168342889,0.0314127267600338,0.0108280853463671,NA,NA,0.04073691136385,0.0246075758999906,21527,14013,7816,3351,3192,1287,222,765,NA,902,0.40559585492228,0.264022609514837,0.147263306641545,0.0631370701837023,0.0601413094677343,0.0242487046632124,0.00418276024493641,0.0144135657089025,NA,0.0169948186528497,"Csöbör Katalin","Jakab Péter",NA,"Dr. Debreczeni József","Csoma László","Szopkó Tibor",NA,NA,"Fodor Zoltán",NA,"FIDESZ_egy",0.697268847407246,0.29897315120113,0.15787198044929,15868,8398,-0.0160103675644454,0.123175435414197,-0.14110117075184,-803,6584,-7470
"6","BORSOD–ABAÚJ–ZEMPLÉN",2,"Miskolc",71877,2214,570,74661,49107,2499,51606,69.12,51549,482,0.94,51067,388,50998,19434,14427,15274,NA,0,667,NA,NA,NA,1265,0.380558873636595,0.282511210762332,0.29909726437817,NA,0,0.0130612724460023,NA,NA,NA,0.0247713787769009,19958,12992,9084,2733,2960,1410,192,773,NA,896,0.391348680340405,0.254755088434841,0.178124632338523,0.0535903368759559,0.0580414918232088,0.0276481430644339,0.00376485352366759,0.0151574571551826,NA,0.0175693164437821,"Hubay György","Pakusza Zoltán","Dr. Varga László",NA,"Doszpoly Botond László","Dudás Norbert",NA,NA,NA,NA,"FIDESZ_egy",0.683208815059059,0.321169457625789,0.312158536824172,16379,15941,-0.0107898067038104,0.0277561223274913,-0.00901092080161714,-524,1435,-438
"7","BORSOD–ABAÚJ–ZEMPLÉN",3,"Ózd",72030,2139,254,74423,41604,2073,43677,58.69,43653,778,1.78,42875,577,42777,20623,15744,NA,3441,1170,449,147,NA,NA,1301,0.481002915451895,0.367206997084548,NA,0.0802565597667639,0.0272886297376093,0.0104723032069971,0.00342857142857143,NA,NA,0.0303440233236152,20337,12559,4517,2158,1512,491,117,326,NA,760,0.475419033592819,0.293592351029759,0.105594127685438,0.0504476704771256,0.0353460972017673,0.0114781307712088,0.00273511466442247,0.00762091778292073,NA,0.0177665567945391,"Riz Gábor","Farkas Péter Barnabás",NA,"Varga Gergõ","Koleszár István","Kovács József","Báder József",NA,NA,NA,"FIDESZ_egy",0.57759266972095,0.205601140799963,0.121446064139942,8795,5207,0.00558388185907649,0.0736146460547891,-0.0841550766600209,286,3185,-3588
"8","BORSOD–ABAÚJ–ZEMPLÉN",4,"Kazincbarcika",75324,2105,360,77789,47667,2166,49833,64.06,49772,786,1.58,48986,522,48682,21905,14779,8458,NA,1649,359,111,NA,NA,1725,0.44716857877761,0.301698444453517,0.172661576777038,NA,0.0336626791328135,0.0073286245049606,0.00226595353774548,NA,NA,0.0352141428163149,22004,13323,6725,2289,2083,750,122,532,NA,854,0.451994577051066,0.273674047902716,0.138141407501746,0.0470194322336798,0.042787888747381,0.0154061049258453,0.00250605973460417,0.0109280637607329,NA,0.0175424181422292,"Demeter Zoltán","Egyed Zsolt","Gúr Nándor",NA,"Üveges Gábor","Gyõri Gyula","Elek Zsófia",NA,NA,NA,"FIDESZ_egy",0.632826190855504,0.245860893143256,0.215918833952558,11969,10577,-0.0048259982734562,0.0280243965508017,-0.0299420591906984,-99,1456,-1392
"9","BORSOD–ABAÚJ–ZEMPLÉN",5,"Sátoraljaújhely",74195,3074,285,77554,46065,2930,48995,63.18,48957,933,1.91,48024,759,47163,23544,14064,NA,2306,6219,229,128,NA,NA,1534,0.490254872563718,0.292853573213393,NA,0.0480176578377478,0.129497751124438,0.00476844910877894,0.00266533399966683,NA,NA,0.0319423621522572,23802,11741,4784,1790,2756,578,112,411,NA,1189,0.504675275109726,0.248945147679325,0.101435447278587,0.0379534804825817,0.0584356381061425,0.0122553696753811,0.00237474291287662,0.00871445836778831,NA,0.025210440387592,"Dr. Hörcsik Richárd","Mikola Gergely",NA,"Zaveczki Tibor","Köteles László","Pencz András Soma","Szabó Mihály",NA,NA,NA,"FIDESZ_egy",0.620863939618573,0.212454678455569,0.184949192070631,10020,8882,-0.0144204025460077,0.0439084255340684,-0.0275054863849376,-258,2323,-1138
"10","BORSOD–ABAÚJ–ZEMPLÉN",6,"Tiszaújváros",76467,2244,413,79124,50547,2318,52865,66.81,52817,761,1.44,52056,702,51789,25662,16469,7757,NA,1182,NA,NA,NA,NA,986,0.492969110189027,0.316370831412325,0.149012601813432,NA,0.022706316274781,NA,NA,NA,NA,0.0189411403104349,24590,13963,6641,2030,2106,887,177,580,NA,815,0.47481125335496,0.269613238332464,0.128231863909324,0.039197512985383,0.0406650060823727,0.0171271891714457,0.00341771418641024,0.0111992894243951,NA,0.0157369325532449,"Koncz Ferenc","Biró László","Pap Zsolt",NA,"Dr. Tarnai Gábor",NA,NA,NA,NA,NA,"FIDESZ_egy",0.661030248342422,0.228639286334936,0.171718918088213,11841,8939,0.0181578568340677,0.0467575930798608,-0.0569203682467233,1072,2506,-2902
"11","BORSOD–ABAÚJ–ZEMPLÉN",7,"Mezõkövesd",74741,1961,337,77039,50991,2002,52993,68.79,52972,555,1.05,52417,509,52165,28718,16389,4390,NA,1771,NA,126,NA,NA,1023,0.547875689184806,0.312665738214701,0.0837514546807333,NA,0.0337867485739359,NA,0.00240380029379781,NA,NA,0.0195165690520251,26897,13789,4910,1781,2413,779,154,580,NA,862,0.515613917377552,0.264334323780312,0.0941244129205406,0.0341416658679191,0.0462570689159398,0.0149333844531774,0.00295217099587846,0.0111185660883734,NA,0.0165244896003067,"Tállai András","Lukács Attila","Kormos Anna",NA,"Ambrus Gyöngyi",NA,"Kiss Tamás",NA,NA,NA,"FIDESZ_egy",0.682235988279525,0.192408703153455,0.119942003548467,10037,6287,0.0322617718072544,0.0483314144343889,-0.0724666996049883,1821,2600,-3750
"12","BUDAPEST",1,"Budapest V. kerület",59605,2225,1701,63531,45091,3623,48714,76.68,48626,716,1.47,47910,323,48201,20031,3060,0,NA,23345,0,0,1474,NA,0,0.418096430807765,0.0638697557921102,0,NA,0.487267793780004,0,0,0.0307660196201211,NA,0,19711,4276,7070,3301,6941,3899,1171,1551,NA,281,0.408933424617747,0.088711852451194,0.146677454824589,0.0684840563473787,0.144001161801622,0.0808904379577187,0.0242941017821207,0.0321777556482231,NA,0.00582975456940727,"Hollik István","Losonczy Pál","Váradiné Naszályi Márta",NA,"Csárdi Antal","Fekete-Gyõr András","Juhász Péter","Horváth András",NA,NA,"LMP_egy",0.756496938176327,0.464347212713429,0.487267793780004,22382,23345,0.00916300619001803,-0.0248420966590838,0.022920581066575,320,-1216,963
"13","BUDAPEST",2,"Budapest XI. kerület",66173,1740,1422,69335,53047,2959,56006,80.78,55894,388,0.69,55506,322,55474,23403,3252,NA,22494,3384,1540,0,990,NA,443,0.421630094043887,0.0585882607285699,NA,0.40525348610961,0.0609663820127554,0.0277447483154974,0,0.0178359096313912,NA,0.00798111915828919,22715,4930,9418,4895,6981,3896,750,1457,NA,432,0.409471103580056,0.0888704618379782,0.169773227097379,0.088239535638317,0.125842737138119,0.0702310992537044,0.0135198471355951,0.0262645563687493,NA,0.00778743195010275,"Dr. Simicskó István","Dr. Bardócz-Tódor András",NA,"Gy. Németh Erzsébet","Kreitler-Sas Máté","Bedõ Dávid","Kóber György","Fischer Roland",NA,NA,"FIDESZ_egy",0.80164115273601,0.467606446263114,0.493964616437863,25940,27418,0.0121589904638316,-0.0302822011094083,0.0263581701747482,688,-1678,1478
"14","BUDAPEST",3,"Budapest XII. kerület",63535,1749,1931,67215,51419,3429,54848,81.6,54740,483,0.88,54257,346,54311,23173,3142,NA,21176,3787,1449,0,1530,NA,0,0.427096964446984,0.0579095784875684,NA,0.390290653740531,0.0697974454909044,0.0267062314540059,0,0.0281991263800063,NA,0,22673,4168,8144,4673,7605,4054,1044,1673,NA,277,0.417466075012428,0.0767432011931285,0.149951206937821,0.0860415017215665,0.140026882215389,0.0746441788956197,0.01922262525087,0.0308040728397562,NA,0.00510025593342049,"Gulyás Gergely","Gyöngyösi Márton",NA,"Bauer Tamás","Hajdu Mária","Kádár Barnabás Áron","Bényi Hajnal","Kovács Gergely",NA,NA,"FIDESZ_egy",0.809301959549854,0.469886395021266,0.486794330685442,25520,26412,0.00963088943455537,-0.01883362270556,0.0169079356641751,500,-1026,892
"15","BUDAPEST",4,"Budapest II. kerület",68148,1423,1860,71431,55282,3027,58309,81.63,58204,318,0.55,57886,437,57677,24208,3585,NA,21496,5848,1538,0,1044,NA,167,0.418201292195004,0.06193207338562,NA,0.371350585633832,0.101026154856096,0.0265694641191307,0,0.0180354489859379,NA,0.00288498082437895,22978,5186,9468,5362,7725,4061,1026,1523,NA,348,0.398391039755882,0.0899145239870312,0.164155555940843,0.0929660003120828,0.133935537562633,0.0704093486138322,0.0177887199403575,0.0264056729718952,NA,0.0060336009154429,"Varga Mihály","Kovács Tamás",NA,"Niedermüller Péter","Ungár Péter","Benedek Márton","Mihalik Zoltán","Juhász Veronika",NA,NA,"FIDESZ_egy",0.811205024358749,0.479255162369749,0.498946204609059,27642,28882,0.019810252439122,-0.0279824506014112,0.0196910422393103,1230,-1601,1240
"16","BUDAPEST",5,"Budapest VII. kerület",61501,2297,1499,65297,41923,3476,45399,69.53,45341,416,0.92,44925,321,44928,16687,3171,NA,20598,3055,0,NA,1414,NA,0,0.371441291040623,0.0705843071786311,NA,0.458497495826377,0.0680022259321091,0,NA,0.0314746800222593,NA,0,16635,4773,7295,4247,5676,3303,857,1802,NA,340,0.370259081196581,0.106236645299145,0.162370904558405,0.0945290242165242,0.12633547008547,0.0735176282051282,0.0190749643874644,0.0401086182336182,NA,0.00756766381766382,"Dr. Bajkai István","Stummer János",NA,"Dr. Oláh Lajos","Moldován László","Soproni Tamás",NA,"Döme Zsuzsanna",NA,NA,"DK_egy",0.681663712785158,0.475827991452991,0.526499721758486,21378,23653,0.00118220984404205,-0.0356523381205142,0.050671730305495,52,-1602,2275
"17","BUDAPEST",6,"Budapest VIII. kerület",68907,2259,1039,72205,43814,3036,46850,64.88,46806,350,0.75,46456,315,46234,18818,6001,NA,14947,2582,1190,1454,1065,NA,399,0.405071465472705,0.129175994489409,NA,0.321745307387636,0.0555794730497675,0.025615636301016,0.0312984329257792,0.0229249182021698,NA,0.00858877217151714,17929,6234,6964,4315,4858,2969,822,1610,NA,533,0.387788207812432,0.13483583509971,0.15062508110914,0.0933295842886188,0.10507418782714,0.064216810139724,0.017779123588701,0.0348228576372367,NA,0.0115283124972964,"Kocsis Máté","Dúró Dóra",NA,"Ara-Kovács Attila","Jakabfy Tamás","Dr. Cseh Katalin","Baranyi Krisztina","Racskó Gábor",NA,NA,"FIDESZ_egy",0.635842512371747,0.431024786953324,0.434238849664198,19928,20173,0.0172832576602729,-0.00565984061030084,0.00321406271087393,889,-233,245
"18","BUDAPEST",7,"Budapest XIII. kerület",77006,2253,1522,80781,56177,3477,59654,73.85,59520,359,0.6,59161,262,59170,16854,3591,33412,NA,2447,1520,NA,1337,NA,0,0.284883622656818,0.0606987711499129,0.564763949223306,NA,0.0413617078818816,0.0256926015449367,NA,0.022599347543145,NA,0,18394,6460,14024,5588,7058,4185,1156,1800,NA,505,0.310866993408822,0.10917694777759,0.237011999323982,0.0944397498732466,0.119283420652358,0.070728409667061,0.0195369274970424,0.0304208213621768,NA,0.00853473043772182,"Harrach Tamás","Magvasi Adrián","Hiszékeny Dezsõ",NA,"Kerékgyártó István","Hajnal Miklós",NA,"Sebõ Ferenc",NA,NA,"MSZP_egy",0.729514583279225,0.541000507013689,0.631818258650124,32011,37379,-0.0259833707520042,-0.048478176627677,0.0908177516364349,-1540,-2869,5368
"19","BUDAPEST",8,"Budapest XIV. kerület",74468,1836,1250,77554,56398,2858,59256,76.41,59176,452,0.76,58724,454,58667,20588,4492,27736,NA,2410,1771,NA,1518,NA,209,0.350589196921191,0.0764934268782781,0.472311150466589,NA,0.0410394387303317,0.0301580273823309,NA,0.0258497377562836,NA,0.00355902186499557,20851,6299,14417,4314,6070,3584,781,1810,NA,541,0.355412753336629,0.10736870813234,0.245742921915216,0.0735336731041301,0.103465321219766,0.0610905619854433,0.0133124243612252,0.0308520974312646,NA,0.00922153851398572,"Dr. Jelen Tamás","Szávay István","Tóth Csaba",NA,"Barta János","Szücs Attila",NA,"Victora Zsolt",NA,NA,"MSZP_egy",0.757345436966214,0.497144902585781,0.543508616579252,29166,31917,-0.00482355641543808,-0.0308752812540621,0.0463637139934713,-263,-1807,2751
"20","BUDAPEST",9,"Budapest X. kerület",74430,1588,728,76746,52278,2120,54398,70.88,54330,354,0.65,53976,375,53878,21222,5437,22010,NA,3522,1139,NA,NA,NA,646,0.393174744330814,0.100729954053653,0.407773825403883,NA,0.0652512227656736,0.0211019712464799,NA,NA,NA,0.0119682821994961,20572,8165,10327,4676,5288,2330,559,1332,NA,629,0.381825605998738,0.151546085600802,0.191673781506366,0.0867886707004714,0.0981476669512603,0.0432458517391143,0.0103752923271094,0.0247225212517168,NA,0.0116745239244218,"Dr. György István","Tubák István","Burány Sándor",NA,"Demeter Márta","Tölcsér Borbála",NA,NA,NA,NA,"MSZP_egy",0.702378073357517,0.430231263224322,0.494127019416037,23180,26671,0.0113491383320758,-0.0508161315471483,0.0638957561917152,650,-2728,3491
"21","BUDAPEST",10,"Budapest III. kerület",70834,1479,903,73216,54526,2205,56731,77.48,56640,530,0.94,56110,362,56217,20403,6070,27017,NA,0,2213,0,NA,NA,407,0.363625022277669,0.108180360007129,0.481500623774728,NA,0,0.039440384958118,0,NA,NA,0.00725360898235609,20427,7748,11362,4880,5892,3057,729,1561,NA,561,0.363359837771493,0.137823078428233,0.202109682124624,0.0868064820250102,0.104808154117082,0.0543785687603394,0.0129676076631624,0.0277674013198854,NA,0.00997918779017023,"Menczer Erzsébet","Zsiga-Kárpát Dániel","Szabó Timea",NA,"Dr. Ábrahám Júlia","Donáth Anna Júlia","Pataki Márton",NA,NA,NA,"MSZP_egy",0.769771578620437,0.461070494690218,0.520941008732846,25920,29230,0.000265184506176241,-0.0296427184211046,0.0598705140426279,-24,-1678,3310
"22","BUDAPEST",11,"Budapest IV. kerület",74416,1465,805,76686,55362,2084,57446,74.91,57401,445,0.78,56956,392,56908,20080,5826,NA,23238,3459,1278,NA,1064,NA,2011,0.352552847812346,0.102289486621251,NA,0.407999157244189,0.0607310906664794,0.0224383734812838,NA,0.0186810871549968,NA,0.0353079570194536,19901,8375,10136,6483,6114,3081,595,1520,NA,703,0.349704786673227,0.147167357840725,0.178112040486399,0.113920714135095,0.107436564279187,0.0541400154635552,0.0104554719898784,0.0267097771842272,NA,0.0123532719477051,"Dr. Zsigmond Barna Pál","Hegedûs Lóránt Gézáné",NA,"Varju László","Kanász-Nagy Máté","Molnár Tibor",NA,"Paizs Miklós",NA,NA,"DK_egy",0.743952913351967,0.464064806354115,0.491168621391952,26409,27975,0.0028480611391194,-0.0448778712194739,0.0271038150378363,179,-2549,1566
"23","BUDAPEST",12,"Budapest XV. kerület",73816,1325,570,75711,53717,1745,55462,73.25,55409,472,0.85,54937,355,55014,20622,5640,NA,23212,2540,1082,0,1048,NA,793,0.375375430038044,0.102663050403189,NA,0.422520341482061,0.0462347780184575,0.0196952873291225,0,0.0190763965997415,NA,0.0144347161293846,21186,8677,8587,6745,4833,2285,513,1522,NA,666,0.385101974042971,0.157723488566547,0.15608754135311,0.122605155051441,0.0878503653615443,0.0415348820300287,0.00932489911658851,0.0276656850983386,NA,0.0121060093794307,"László Tamás","Dr. Gyenes Géza",NA,"Hajdu László","Szilvágyi László","Krisztics Bianka Ilona","Huzsvári Erzsébet Mária","Pálmai Attila",NA,NA,"DK_egy",0.727714858567248,0.417402842912713,0.488450406829641,22963,26834,-0.00972654400492728,-0.0550604381633576,0.0710475639169281,-564,-3037,3871
"24","BUDAPEST",13,"Budapest XVI. kerület",67826,1107,889,69822,54467,1818,56285,80.61,56226,559,0.99,55667,291,55796,23328,5086,NA,0,4048,0,22245,NA,NA,960,0.419063358902042,0.0913647223669319,NA,0,0.0727181274363627,0,0.399608385578529,NA,NA,0.0172454057161334,22481,6949,9831,4069,5946,3093,1491,1407,NA,529,0.402914187396946,0.124542977991254,0.176195426195426,0.0729263746505126,0.106566778980572,0.0554340812961503,0.0267223456878629,0.025216861423758,NA,0.0094809663775181,"Szatmáry Kristóf","Tokody Marcell Gergely",NA,"Nemes Gábor","Mizsei László","Hollai Gábor","Vajda Zoltán",NA,NA,NA,"FIDESZ_egy",0.803040132102734,0.437845006810524,0.472326513014892,24430,26293,0.0161491715050965,-0.0331782556243219,0.0344815062043682,847,-1863,1863
"25","BUDAPEST",14,"Budapest XVII. kerület",74180,1282,742,76204,56424,1820,58244,76.43,58185,410,0.7,57775,463,57672,23784,7536,21512,NA,2826,1608,NA,NA,NA,509,0.411665945478148,0.130437040242319,0.372340977931631,NA,0.0489138900908698,0.0278321073128516,NA,NA,NA,0.00881003894418001,23002,9561,10075,4325,5378,2775,498,1406,NA,652,0.398841725620752,0.165782355389097,0.174694825912054,0.074993064225274,0.0932514911915661,0.048116937161881,0.00863503953391594,0.0243792481620197,NA,0.0113053128034401,"Dunai Mónika","Szilágyi György","Lukoczki Károly",NA,"Schmuck Erzsébet","Tóth Endre",NA,NA,NA,NA,"FIDESZ_egy",0.76063629010515,0.399691358024691,0.449086975335353,23051,25946,0.0128242198573962,-0.0353453151467776,0.0493956173106613,782,-2025,2895
"26","BUDAPEST",15,"Budapest XVIII. kerület",77927,1218,792,79937,58886,1834,60720,75.96,60636,564,0.93,60072,436,59982,23848,6977,27813,NA,0,0,NA,NA,NA,1434,0.396990278332667,0.116143960580637,0.462994406711946,NA,0,0,NA,NA,NA,0.0238713543747503,23363,9990,11629,4744,5258,2411,537,1318,NA,732,0.38950018338835,0.166549964989497,0.193874829115401,0.0790903937848021,0.0876596312227001,0.0401953919509186,0.00895268580574172,0.0219732586442599,NA,0.0122036610983295,"Kucsák László","Makai Tibor","Kunhalmi Ágnes",NA,"Kassai Dániel","Nagy Károly",NA,NA,NA,NA,"MSZP_egy",0.755655934400144,0.409772931879564,0.462994406711946,24579,27813,0.00749009494431763,-0.0504060044088603,0.0532214748323818,485,-3013,3234
"27","BUDAPEST",16,"Budapest XX. kerület",70880,1202,641,72723,51048,1706,52754,72.54,52693,482,0.91,52211,423,52075,19462,6373,22572,NA,2287,1060,0,NA,NA,457,0.372756698779951,0.122062400643543,0.43232269062075,NA,0.0438030300128325,0.0203022351611729,0,NA,NA,0.00875294478175097,19984,8403,10153,4131,4806,2184,594,1242,NA,578,0.383754200672108,0.161363418146903,0.194968795007201,0.0793278924627941,0.0922899663946231,0.0419395103216515,0.0114066250600096,0.0238502160345655,NA,0.011099375900144,"Földesi Gyula","Bencsik János","Dr. Hiller István",NA,"Ferenczi István","Teveli Dalma","Somodi Klára",NA,NA,NA,"MSZP_egy",0.72020316027088,0.419932789246279,0.496427955794756,21868,25919,-0.0109975018921569,-0.0393010175033609,0.0764951665484765,-522,-2030,4051
"28","BUDAPEST",17,"Budapest XXI. kerület",76152,1249,628,78029,54969,1716,56685,72.65,56611,930,1.64,55681,485,55753,20653,8673,0,NA,0,0,23637,1374,NA,1344,0.370916470609364,0.155762288751998,0,NA,0,0,0.424507462150464,0.0246762809575977,NA,0.024137497530576,20972,10309,8755,4506,4569,2135,2468,1335,NA,704,0.376159130450379,0.184904848169605,0.157031908596847,0.0808207630082686,0.0819507470450021,0.038293903467078,0.0442666762326691,0.0239448998260183,NA,0.0126271232041325,"Németh Szilárd István","Bereczki Miklós","Bangóné Borbély Ildikó",NA,"Dr. Tenk András","Dukán András Ferenc","Dr. Szabó Szabolcs","Soltész Szilvia Nikolett",NA,NA,"EGYUTT_egy",0.721832650488497,0.402363998349865,0.424507462150464,22433,23637,-0.0052426598410153,-0.0291425594176072,0.0221434638005996,-319,-1636,1204
"29","BUDAPEST",18,"Budapest XXII. kerület",75084,1537,925,77546,58534,2264,60798,78.4,60713,437,0.72,60276,322,60262,24144,5525,24983,NA,2556,1703,0,1220,NA,145,0.400557435795341,0.0916616895613511,0.414476740327825,NA,0.042404937288473,0.0282533678412635,0,0.0202402282832305,NA,0.0024056009025151,24090,7536,11225,4379,6351,3666,724,1768,NA,523,0.399754405761508,0.125053931167236,0.186269954531877,0.0726660250240616,0.105389797882579,0.0608343566426604,0.0120142046397398,0.0293385549766022,NA,0.00867876937373469,"Németh Zsolt","Dr. Staudt Gábor","Molnár Gyula",NA,"Pitz Dániel","Orosz Anna","Dr. Hajdu Nóra","Hotz Antal",NA,NA,"MSZP_egy",0.779580203505407,0.437174338720919,0.485135045457562,26345,29242,0.000803030033833363,-0.0333922416058853,0.0479607067366432,54,-2011,2897
"30","BÁCS–KISKUN",1,"Kecskemét",68614,1488,383,70485,45668,1701,47369,67.2,47325,527,1.11,46798,442,46874,25519,11231,NA,3595,4642,1105,NA,NA,NA,706,0.545301081242788,0.239988888414035,NA,0.0768195222018035,0.0991922731740673,0.0236121201760759,NA,NA,NA,0.0150861147912304,25400,9195,3903,2003,3528,1362,172,728,NA,583,0.541878226735504,0.196164184835943,0.0832657763365618,0.0427315782736698,0.0752656056662542,0.0290566198745573,0.00366941161411443,0.0155309979946239,NA,0.0124375986687716,"Dr. Salacz László","Lejer Zoltán",NA,"Szõkéné Kopping Rita","Vágó Gábor","Szarvas Koppány Bendegúz",NA,NA,NA,NA,"FIDESZ_egy",0.665578453376862,0.233988991765158,0.199623915551947,10968,9342,0.00342285450728452,0.0438247035780916,-0.034365076213211,119,2036,-1626
"31","BÁCS–KISKUN",2,"Kecskemét",70528,1598,475,72601,49108,1910,51018,70.27,50973,361,0.71,50612,358,50592,26695,10001,8421,NA,3426,1532,NA,NA,NA,537,0.52744408440686,0.197601359361416,0.166383466371611,NA,0.0676914565715641,0.0302695013040386,NA,NA,NA,0.0106101319845096,25872,8976,5163,2236,4521,1972,214,997,NA,641,0.511385199240987,0.17741935483871,0.102051707779886,0.0441967109424415,0.089361954459203,0.0389784946236559,0.00422991777356104,0.0197066729917774,NA,0.0126699873497786,"Dr. Zombor Gábor","Radics Tivadar","Király József",NA,"Dr. Tóth Szilárd","Bodrozsán Alexandra",NA,NA,NA,NA,"FIDESZ_egy",0.696290834845735,0.278818785578748,0.264344424247214,14106,13379,0.0160588851658734,0.0201820045227066,-0.0144743613315335,823,1025,-727
"32","BÁCS–KISKUN",3,"Kalocsa",65284,1888,313,67485,44493,2011,46504,68.91,46455,386,0.83,46069,371,45525,24519,13915,5127,NA,1261,580,NA,NA,NA,667,0.532223404024398,0.302046929605592,0.111289587358093,NA,0.0273719855000109,0.0125898109357703,NA,NA,NA,0.0144782825761358,24168,10316,4377,2030,2351,1024,122,568,NA,569,0.530873146622735,0.226600768808347,0.0961449752883031,0.0445908841295991,0.0516419549697968,0.0224931356397584,0.00267984623833059,0.0124766611751785,NA,0.0124986271279517,"Font Sándor","Suhajda Krisztián","Dr. Angeli Gabriella",NA,"Kerpács Rezsõ","Környei Balázs",NA,NA,NA,NA,"FIDESZ_egy",0.681529930764046,0.217550796265788,0.151251383793874,9904,6968,0.00135025740166339,0.0754461607972445,-0.0662994124719136,351,3599,-2936
"33","BÁCS–KISKUN",4,"Kiskunfélegyháza",71379,1330,297,73006,47148,1503,48651,66.64,48634,427,0.88,48207,415,48206,29025,10166,5855,NA,1410,545,NA,678,NA,528,0.602090982637376,0.21088223701952,0.121455390296015,NA,0.0292488642728234,0.0113054120770842,NA,0.0140643475014002,NA,0.0109527661957807,28819,8549,4438,1408,2524,998,123,721,NA,626,0.597830145625026,0.17734306932747,0.0920632286437373,0.0292079824088288,0.0523586275567357,0.0207028170767124,0.0025515495996349,0.0149566444011119,NA,0.0129859353607435,"Lezsák Sándor","Kollár László","Horváth Tamás",NA,"Kis-Szeniczey Kálmán","Tabajdi Péter",NA,"Bodor Sándor",NA,NA,"FIDESZ_egy",0.660530408103224,0.196884205285649,0.162009666645923,9491,7810,0.00426083701235036,0.0335391676920504,-0.0348745386397263,206,1617,-1681
"34","BÁCS–KISKUN",5,"Kiskunhalas",68907,1746,356,71009,44448,1909,46357,65.28,46327,603,1.3,45724,489,45308,25535,15219,NA,2685,1059,466,NA,NA,NA,760,0.558459452366372,0.332844895459715,NA,0.0587218965969731,0.023160703350538,0.0101915842883387,NA,NA,NA,0.0166214679380632,24862,10595,3628,1873,2071,871,111,659,NA,638,0.54873311556458,0.233843912774786,0.0800741590889026,0.0413392778317295,0.0457093669992054,0.0192239781054118,0.00244989847267591,0.014544892734175,NA,0.0140813984285336,"Bányai Gábor","Farkas Gergely",NA,"Molnár László","Midi Melánia","Takács Zoltán",NA,NA,NA,NA,"FIDESZ_egy",0.645043319256389,0.188796680497925,0.0920741842358499,8554,4210,0.00972633680179202,0.0990009826849289,-0.0967224962620754,673,4624,-4344
"35","BÁCS–KISKUN",6,"Baja",64964,1903,453,67320,42128,2137,44265,65.75,44213,436,0.99,43777,315,42856,23835,8203,7880,NA,2557,728,NA,NA,NA,574,0.544463987938872,0.187381501701807,0.180003198026361,NA,0.058409667176828,0.016629737076547,NA,NA,NA,0.0131119080795852,22845,8013,4747,1891,2846,1232,207,498,NA,577,0.533064215045735,0.186974985999627,0.110766287100989,0.044124509986933,0.0664084375583349,0.0287474332648871,0.00483012880343476,0.01162030987493,NA,0.0134636923651297,"Zsigó Róbert","Grünfelder Zoltán","Hajdú Miklós",NA,"Ikotity István","Béni Kornél",NA,NA,NA,NA,"FIDESZ_egy",0.648482236315498,0.254876796714579,0.255042602279736,10923,11165,0.0113997728931374,0.000406515702180227,0.000165805565156829,990,190,242
"36","BÉKÉS",1,"Békéscsaba",68443,2631,483,71557,47600,2854,50454,70.51,50433,922,1.83,49511,554,49577,22133,16366,NA,5461,2610,890,NA,848,NA,1203,0.447031972692937,0.330552806447052,NA,0.110298721496233,0.052715558158793,0.0179758033568298,NA,0.0171275070186423,NA,0.0242976308295126,22424,11000,5609,3137,3891,1638,206,944,NA,728,0.452306513100833,0.221877080097626,0.113137140206144,0.0632753091151139,0.0784839744236239,0.033039514290901,0.00415515259091918,0.0190410876011054,NA,0.0146842285737338,"Herczeg Tamás","Kocziha Tünde",NA,"Nagy-Huszein Tibor","Kovács Katalin Ildikó","Almási István",NA,"Babinszki Péter",NA,NA,"FIDESZ_egy",0.695469222564762,0.292091090626702,0.180990083011856,14481,8961,-0.0052745404078961,0.108675726349426,-0.111101007614846,-291,5366,-5520
"37","BÉKÉS",2,"Békés",69650,2175,389,72214,45056,2339,47395,65.63,47357,725,1.53,46632,677,46329,24247,13707,NA,4039,2550,678,NA,NA,NA,1411,0.519964831017327,0.293939783839424,NA,0.08661434208269,0.0546834791559444,0.0145393721049923,NA,NA,NA,0.0302581917996226,24017,10683,4329,1955,2753,994,153,624,NA,821,0.518401001532517,0.230589911286667,0.0934403937058862,0.0421981911977379,0.0594228237173261,0.0214552440156274,0.00330246713721427,0.0134688855792268,NA,0.0177210818277968,"Dankó Béla","Samu Tamás Gergõ",NA,"Dr. Kondé Gábor","Bencsik Mihály","Babinszki Bence",NA,NA,NA,NA,"FIDESZ_egy",0.64689160086145,0.219819119773792,0.155837193343627,10184,7267,0.00156382948480971,0.0633498725527565,-0.0639819264301651,230,3024,-2917
"38","BÉKÉS",3,"Gyula",68128,2238,335,70701,44204,2347,46551,65.84,46510,638,1.37,45872,610,45490,23135,10612,8508,NA,1740,725,NA,NA,NA,1152,0.50433815835368,0.23133937914196,0.185472619462853,NA,0.0379316358562958,0.0158048482734566,NA,NA,NA,0.0251133589117544,22795,9599,5948,1924,2650,1067,177,597,NA,733,0.501099142668718,0.211013409540558,0.130754011870741,0.042295009892284,0.0582545614420752,0.0234557045504506,0.00389096504726313,0.0131237634644977,NA,0.0161134315234117,"Dr. Kovács József","Dr. Dévényi-Dabrowsky Géza","Pluhár László",NA,"Szabó László","Nagy Zoltán",NA,NA,NA,NA,"FIDESZ_egy",0.648837482386097,0.258650252802814,0.239209103592605,11766,10973,0.00323901568496143,0.0203259696014019,-0.0194411492102083,340,1013,-793
"39","BÉKÉS",4,"Orosháza",72664,2341,386,75391,47731,2453,50184,66.56,50169,774,1.54,49395,583,49162,21312,19510,5107,NA,1081,526,542,NA,NA,1317,0.431460674157303,0.394979248911833,0.103391031480919,NA,0.0218848061544691,0.0106488510982893,0.0109727705233323,NA,NA,0.0266626176738536,22889,13965,5754,1949,2178,857,278,525,NA,767,0.465583173996176,0.284060860013832,0.117041617509459,0.039644440828282,0.0443025100687523,0.0174321630527643,0.00565477401244864,0.0106789796997681,NA,0.0156014808185184,"Simonka György","Dr. Szabó Ervin","Füvesi Sándor",NA,"Németh Sándor","Sebõk Éva","Bod Tamás",NA,NA,NA,"FIDESZ_egy",0.656872729274469,0.224075505471706,0.14689745925701,11016,7256,-0.0341224998388725,0.110918388898001,-0.077178046214696,-1577,5545,-3760
"40","CSONGRÁD",1,"Szeged",80974,2158,874,84006,56660,2756,59416,70.73,59338,378,0.64,58960,423,58881,21019,6501,25748,NA,2560,1015,NA,1525,NA,592,0.356495929443691,0.110261194029851,0.436702849389417,NA,0.0434192672998643,0.0172150610583446,NA,0.0258649932157395,NA,0.0100407055630936,21412,9704,13456,2984,5938,2354,500,1810,NA,723,0.363648715205244,0.164806983577045,0.228528727433298,0.0506784871180856,0.100847472019837,0.0399789405750582,0.00849170360557735,0.03073996705219,NA,0.0122790034136648,"Bartók Csaba","Tóth Péter","Szabó Sándor",NA,"Bodrog Zoltán","Mihálik Edvin",NA,"Pál Anna",NA,NA,"MSZP_egy",0.699730777780522,0.428525330751855,0.497337177747626,25232,29323,-0.00715278576155387,-0.0545457895471945,0.0688118469957701,-393,-3203,4091
"41","CSONGRÁD",2,"Szeged",84487,2136,851,87474,59106,2745,61851,70.71,61781,501,0.81,61280,666,61068,27344,6970,21711,NA,2512,1097,308,1224,NA,114,0.44621409921671,0.113740208877285,0.354291775456919,NA,0.0409921671018277,0.0179014360313316,0.00502610966057441,0.0199738903394256,NA,0.00186031331592689,27590,9291,10763,2520,5569,2545,483,1691,NA,616,0.451791445601624,0.152141874631558,0.176246151830746,0.0412654745529574,0.0911934237243728,0.041674854260824,0.00790921595598349,0.0276904434400996,NA,0.010087116001834,"B Nagy László","Fackelmann István","Joób Márton",NA,"Dr. Tessényi Judit","Boros-Gyevi Gergely","Györgyey János","Pose Rozalinda",NA,NA,"FIDESZ_egy",0.699586918697551,0.358289120324884,0.418211488250653,21880,25628,-0.00557734638491425,-0.0384016657542737,0.059922367925769,-246,-2321,3748
"42","CSONGRÁD",3,"Szentes",80292,1952,431,82675,53899,2157,56056,67.8,56013,945,1.69,55068,886,55108,27322,20808,NA,2671,1548,865,468,NA,NA,1386,0.496150214280526,0.377860100239704,NA,0.0485036681920535,0.0281106994988015,0.0157078521101184,0.0084985835694051,NA,NA,0.025168882109392,28045,13230,5381,1972,3138,1279,263,959,NA,841,0.50890977716484,0.240074036437541,0.097644625099804,0.035784278144734,0.0569427306380199,0.0232089714741961,0.00477244683167598,0.0174021920592291,NA,0.0152609421499601,"Farkas Sándor","Szabó Zoltán Ferenc",NA,"Dr. Eörsi Mátyás","D'Elia Viktor","Hegedûs Barnabás","Dombi Gábor",NA,NA,NA,"FIDESZ_egy",0.671287301350072,0.21835305218843,0.100820803370378,12033,5552,-0.0127595628843141,0.137786063802163,-0.117532248818052,-723,7578,-6481
"43","CSONGRÁD",4,"Hódmezõvásárhely",77985,1681,424,80090,55634,1924,57558,71.87,57501,462,0.8,57039,577,56828,29534,20940,4234,NA,1003,0,NA,749,NA,579,0.517786076193482,0.367117235575659,0.0742299128666351,NA,0.0175844597556058,0,NA,0.0131313662581742,NA,0.0101509493504444,28650,13463,5706,2056,3505,1368,204,1078,NA,798,0.504152882381924,0.236907862321391,0.100408249454494,0.0361793482086296,0.0616773421552756,0.0240726402477652,0.00358977968607025,0.0189695220665869,NA,0.014042373477863,"Lázár János","Dr. Kiss Attila","Rója István",NA,"Pongrácz Gergely","Jakab Tamás",NA,"Farkas Tamás",NA,NA,"FIDESZ_egy",0.71339360133359,0.225927359752235,0.0918143726222409,12839,5237,0.0136331938115573,0.130209373254268,-0.134112987129994,884,7477,-7602
"44","FEJÉR",1,"Székesfehérvár",60915,1597,596,63108,46026,2025,48051,76.14,47960,398,0.83,47562,433,47523,22433,6599,NA,14740,2868,0,NA,NA,NA,922,0.471658046339515,0.13874521676969,NA,0.3099112737059,0.0603002396871452,0,NA,NA,NA,0.0193852234977503,21782,7742,6230,3624,4329,2001,302,920,NA,593,0.458346484859963,0.162910590661364,0.131094417439976,0.0762578120068177,0.0910927340445679,0.0421059276560823,0.00635481766723481,0.0193590471981988,NA,0.0124781684657955,"Vargha Tamás","Tóth Nóra Timea",NA,"Ráczné Földi Judit","Rákosi Judit","Pintér András Gábor",NA,NA,NA,NA,"FIDESZ_egy",0.755577443979315,0.346905708814679,0.370211513393045,16486,17608,0.0133115614795522,-0.0241653738916739,0.0233058045783656,651,-1143,1122
"45","FEJÉR",2,"Székesfehérvár",68424,1453,360,70237,49575,1661,51236,72.95,51170,418,0.82,50752,399,50377,27250,14652,4761,NA,2173,1016,NA,NA,NA,900,0.536924653215637,0.288697982345523,0.0938091109709962,NA,0.0428160466582598,0.0200189155107188,NA,NA,NA,0.0177332912988651,26722,10706,4489,2078,3293,1447,178,788,NA,676,0.530440478789924,0.212517617166564,0.0891081247394644,0.0412489826706632,0.0653671318260317,0.0287234253726899,0.0035333584770828,0.0156420588760744,NA,0.0134188220815054,"Törõ Gábor","Fazakas Attila","Horváth András",NA,"Perneczky László","Tóth Péter",NA,NA,NA,NA,"FIDESZ_egy",0.724526481936163,0.227981023085932,0.156644073139975,11485,7950,0.00648417442571292,0.0761803651789592,-0.0713369499459573,528,3946,-3535
"46","FEJÉR",3,"Bicske",71587,1626,490,73703,52125,1932,54057,73.34,53988,346,0.64,53642,410,52804,28415,12559,8041,NA,2732,1381,NA,NA,NA,514,0.529715521419783,0.234126244360762,0.149901196823385,NA,0.0509302412288878,0.0257447522463741,NA,NA,NA,0.00958204392080832,27203,9963,5684,2365,3790,1876,228,1027,NA,668,0.515169305355655,0.188678887963033,0.107643360351489,0.0447882736156352,0.0717748655404894,0.03552761154458,0.00431785470797667,0.0194492841451405,NA,0.0126505567760018,"Tessely Zoltán","Varga László Béla","Szilágyi László",NA,"Szatmári Ildikó","Molnár Dániel",NA,NA,NA,NA,"FIDESZ_egy",0.728134996577591,0.26405196576017,0.226576190298647,13943,12154,0.0145462160641281,0.045447356397729,-0.0374757754615231,1212,2596,-1789
"47","FEJÉR",4,"Dunaújváros",66193,1626,407,68226,45512,1845,47357,69.41,47279,408,0.86,46871,389,46785,18541,20405,NA,4668,1638,675,NA,NA,NA,944,0.395575089074268,0.435343816005632,NA,0.0995924985598771,0.0349469821424762,0.0144012289048665,NA,NA,NA,0.02014038531288,18976,13632,5074,3424,2877,1284,194,676,NA,648,0.405600085497488,0.291375440846425,0.108453564176552,0.0731858501656514,0.0614940686117345,0.0274446938121193,0.00414662819279684,0.0144490755584055,NA,0.0138505931388265,"Dr. Galambos Dénes","Pintér Tamás",NA,"Mezei Zsolt","Illéssy István","Kaszó Róbert",NA,NA,NA,NA,"JOBBIK_egy",0.687565150393546,0.274724804958854,0.14894070960722,12853,6981,-0.0100249964232208,0.143968375159207,-0.125784095351635,-435,6773,-5872
"48","FEJÉR",5,"Sárbogárd",66851,1309,221,68381,42046,1378,43424,63.5,43393,542,1.25,42851,499,42856,23982,13777,NA,2518,1219,NA,609,NA,NA,746,0.559660217964575,0.321509416349677,NA,0.0587617558516721,0.0284474107955474,NA,0.0142120370586451,NA,NA,0.0174091619798838,24041,10619,2759,1773,1739,718,195,429,NA,583,0.560971625910024,0.247783274220646,0.064378383423558,0.0413711032294194,0.0405777487399664,0.0167537801008027,0.00455012133656897,0.0100102669404517,NA,0.0136036960985626,"Varga Gábor","Árgyelán János",NA,"Szilveszterné Nyuli Ilona","Lapos Péter",NA,"Szigetvári Viktor",NA,NA,NA,"FIDESZ_egy",0.628950950621532,0.167631136830315,0.101421203705865,7184,4346,-0.00131140794544937,0.0737261421290309,-0.066209933124451,-59,3158,-2838
"49","GYÕR–MOSON–SOPRON",1,"Gyõr",65370,1739,487,67596,47270,2051,49321,72.96,49261,434,0.88,48827,412,48776,24193,8448,NA,10561,3118,1402,0,NA,NA,1105,0.495484055952649,0.173019026358367,NA,0.216294263419829,0.0638581112908841,0.0287136215618408,0,NA,NA,0.0226309214164294,23457,8077,5292,3338,4749,2136,261,913,NA,553,0.480912743972445,0.165593734623585,0.10849598163031,0.0684352960472363,0.0973634574380843,0.0437920288666557,0.0053509922912908,0.018718222076431,NA,0.011337543053961,"Simon Róbert Balázs","Fodor Roland",NA,"Glázer Tímea","Jenei Ferenc","Molnár József","Varga Márk",NA,NA,NA,"FIDESZ_egy",0.723114578552853,0.323437756273577,0.308865996272554,15776,15081,0.0145713119802037,0.00742529173478193,-0.0145717600010231,736,371,-695
"50","GYÕR–MOSON–SOPRON",2,"Gyõr",70872,1404,383,72659,51199,1634,52833,72.71,52791,500,0.95,52291,610,52160,30138,11046,6891,NA,2480,1110,NA,NA,NA,626,0.576351571016045,0.211240940123539,0.131781759767455,NA,0.0474268994664474,0.0212273622611922,NA,NA,NA,0.011971467365321,28375,9431,4835,2338,3848,1711,178,849,NA,595,0.543999233128834,0.180809049079755,0.0926955521472393,0.0448236196319018,0.0737730061349693,0.0328029141104294,0.00341257668711656,0.0162768404907975,NA,0.0114072085889571,"Kara Ákos","Dr. Menyhárt Miklós","Greguss András",NA,"Takács András","Liszi Norbert",NA,NA,NA,NA,"FIDESZ_egy",0.722415058132972,0.247507668711656,0.200436021495095,12910,10481,0.0323523378872105,0.0304318910437848,-0.0470716472165617,1763,1615,-2429
"51","GYÕR–MOSON–SOPRON",3,"Csorna",65694,1252,201,67147,47850,1337,49187,73.25,49157,413,0.84,48744,392,48685,31148,11575,NA,2998,2100,539,NA,NA,NA,384,0.639011980961759,0.237465123912687,NA,0.0615050057442967,0.0430822255046775,0.0110577712128672,NA,NA,NA,0.00787789266371246,30476,8662,3321,1790,2430,808,95,512,NA,591,0.625983362431961,0.177919276984698,0.0682140289616925,0.0367669713464106,0.0499127041183116,0.016596487624525,0.00195131970832905,0.0105165862175208,NA,0.0121392626065523,"Gyopáros Alpár","Magyar Zoltán",NA,"Szabó Zoltán","Molnár Ferenc","Budai Zsaklin",NA,NA,NA,NA,"FIDESZ_egy",0.728377020732487,0.173441511759269,0.115645002461841,8444,5637,0.0130286185297989,0.0595458469279891,-0.0577965092974273,672,2913,-2807
"52","GYÕR–MOSON–SOPRON",4,"Sopron",73555,1845,371,75771,55264,2048,57312,75.64,57240,415,0.73,56825,382,56005,30936,10301,9558,NA,2545,1824,NA,1167,NA,494,0.544408271007479,0.181275846898372,0.168200615926089,NA,0.0447866256049274,0.0320985481742191,NA,0.020536735591729,NA,0.00869335679718434,30350,8982,6657,2250,3818,2046,191,1105,NA,606,0.541915900366039,0.160378537630569,0.118864387108294,0.040174984376395,0.0681724845995893,0.0365324524596018,0.00341040978484064,0.0197303812159629,NA,0.010820462458709,"Barcza Attila","Dr. Brenner Koloman","Póczik Roland",NA,"Szakács Gyula","Supka-Kovácsné Holzhofer Tünde",NA,"Tichy-Rács József",NA,NA,"FIDESZ_egy",0.75132893752974,0.267154718328721,0.245085789705235,14962,13927,0.00249237064144037,0.0208973092678035,-0.0220689286234853,586,1319,-1035
"53","GYÕR–MOSON–SOPRON",5,"Mosonmagyaróvár",74170,1323,263,75756,52242,1451,53693,70.88,53590,660,1.23,52930,628,52344,29033,13823,5246,NA,2771,NA,215,912,NA,930,0.54851690912526,0.261156244095976,0.0991120347628944,NA,0.0523521632344606,NA,0.00406196863782354,0.0172303041753259,NA,0.01757037596826,27928,10060,4931,2437,3813,1236,224,1041,NA,674,0.533547302460645,0.192190126853125,0.0942037291762189,0.0465573895766468,0.07284502521779,0.0236130215497478,0.00427938254623261,0.0198876662081614,NA,0.0128763564114321,"Dr. Nagy István","Jávor Miklós","Bogyai Zsolt",NA,"Goda Bálint Zsolt",NA,"Deschelak Károly Ferenc","Nagy Péter Krisztián",NA,NA,"FIDESZ_egy",0.70435486045571,0.241498548066636,0.155526166635179,12641,8232,0.0149696066646148,0.0689661172428503,-0.0859723814314575,1105,3763,-4409
"54","HAJDÚ–BIHAR",1,"Debrecen",66609,2273,641,69523,47372,2657,50029,71.96,49935,437,0.88,49498,271,49646,23441,7531,13648,NA,2597,1459,0,NA,NA,822,0.47357468988646,0.152147561517637,0.275728312255041,NA,0.0524667663339933,0.0294759384217544,0,NA,NA,0.0166067315851146,23332,8359,6426,2724,4438,2170,349,1176,NA,672,0.469967368972324,0.168372074285945,0.129436409781251,0.0548684687588124,0.08939290174435,0.043709462998026,0.00702977077710188,0.0236877089795754,NA,0.0135358337026145,"Kósa Lajos","Herpergel Róbert","Gulyásné Dr. Gurmai Zita",NA,"Murguly Mátyás","Horváth Zoltán","Dr. Szegedi István",NA,NA,NA,"FIDESZ_egy",0.711195183834016,0.324437014059542,0.357671017010788,16107,17704,0.00360732091413601,-0.0162245127683074,0.0332340029512468,109,-828,1597
"55","HAJDÚ–BIHAR",2,"Debrecen",72014,2124,551,74689,48113,2427,50540,67.67,50489,422,0.84,50067,292,50133,24731,12723,NA,6002,2992,1347,533,1031,NA,708,0.493958096151157,0.254119479896938,NA,0.119879361655382,0.0597599217049154,0.0269039487087303,0.0106457347154813,0.0205924061757245,NA,0.0141410509916712,24136,9726,5227,2961,3942,2010,366,1055,NA,710,0.481439371272415,0.194003949494345,0.104262661320886,0.0590628927054036,0.0786308419603854,0.0400933516845192,0.00730058045598707,0.0210440228990884,NA,0.0141623282069695,"Dr. Pósán László","Kõszeghy Ábel",NA,"Varga Zoltán","Görög Jenõ","Mándi László","Dr. Orosz Tamás","Szabados István",NA,NA,"FIDESZ_egy",0.668106201571917,0.289350328127182,0.217188966784509,14506,10874,0.0125187248787421,0.0601155304025931,-0.0721613613426729,595,2997,-3632
"56","HAJDÚ–BIHAR",3,"Debrecen",75785,1630,355,77770,47177,1760,48937,62.93,48869,760,1.56,48109,741,48012,27979,12249,NA,3654,1942,639,690,NA,NA,956,0.581575173044545,0.254609324658588,NA,0.0759525244756698,0.0403666673595377,0.0132823380240703,0.0143424307302168,NA,NA,0.0198715417073728,26687,9977,4207,1825,2658,1064,273,655,NA,666,0.555840206615013,0.207802216112638,0.0876239273514955,0.0380113305007082,0.0553611597100725,0.0221611263850704,0.0056860784803799,0.0136424227276514,NA,0.0138715321169708,"Tasó László","Csikai József",NA,"Káposznyák István","Kiss Tamás Péter","Lakatos Árpád","Kosztin Mihály",NA,NA,NA,"FIDESZ_egy",0.622511050999538,0.208843622427726,0.143943960589495,10027,6925,0.0257349664295318,0.0468071085459493,-0.0648996618382317,1292,2272,-3102
"57","HAJDÚ–BIHAR",4,"Berettyóújfalu",67129,1718,221,69068,41633,1755,43388,62.82,43355,464,1.07,42891,369,42494,23630,12938,4210,NA,1125,343,NA,NA,NA,645,0.550931430836306,0.301648364458744,0.0981557902590287,NA,0.0262292788696929,0.00799701569093749,NA,NA,NA,0.0150381198852906,23772,9915,3872,1534,1703,563,105,431,NA,599,0.559420153433426,0.233327057937591,0.0911187461759307,0.0360992140066833,0.040076246058267,0.0132489292606015,0.0024709370734692,0.0101426083682402,NA,0.0140961076857909,"Dr. Vitányi István","Keresztesy Gergõ","Lencsésné Gál Mária",NA,"Dr. Majoros Imre","Buzinkay György",NA,NA,NA,NA,"FIDESZ_egy",0.620193954922612,0.183014072574952,0.132382084819659,7777,5678,-0.00848872259711986,0.0683213065211531,-0.0506319877552926,-142,3023,-2099
"58","HAJDÚ–BIHAR",5,"Hajdúszoboszló",69040,1739,290,71069,44230,1832,46062,64.81,46042,592,1.29,45450,427,45479,23444,13542,5111,NA,1571,574,91,NA,NA,1117,0.515819581958196,0.297953795379538,0.112453245324532,NA,0.0345654565456546,0.0126292629262926,0.002002200220022,NA,NA,0.0245764576457646,23522,10953,5057,1610,2142,927,143,507,NA,618,0.517205743310099,0.24083643000066,0.111194177532488,0.0354009542865938,0.0470986609204248,0.0203830339277469,0.00314430836210119,0.0111480023747224,NA,0.0135886892851646,"Bodó Sándor","Rigán István","Dede Tamás",NA,"Radics Péter","Kovács Imre Krisztián","Szemõk Zoltán",NA,NA,NA,"FIDESZ_egy",0.640643105446118,0.217221135029354,0.161650165016502,9879,7347,-0.00138616135190339,0.0571173653788783,-0.0555709700128526,-78,2589,-2532
"59","HAJDÚ–BIHAR",6,"Hajdúböszörmény",69360,1522,247,71129,43886,1607,45493,63.96,45456,800,1.76,44656,893,44407,21843,12227,7914,NA,1333,483,NA,NA,NA,856,0.489139197420279,0.273804192045862,0.177221426012182,NA,0.0298504120386958,0.0108160157649588,NA,NA,NA,0.0191687567180222,22427,10898,5348,1288,2290,861,119,499,NA,677,0.505032990294323,0.245411759407301,0.120431463508006,0.0290044362375301,0.0515684464161056,0.0193888350935663,0.00267975769585876,0.0112369671448195,NA,0.0152453442024906,"Dr. Tiba István","Demeter Pál","Csige Tamás",NA,"Tóth Tamás","Kovács Roland",NA,NA,NA,NA,"FIDESZ_egy",0.632727797001153,0.223072938951066,0.217887853815837,9906,9730,-0.0158937928740435,0.0283924326385611,-0.00518508513522967,-584,1329,-176
"60","HEVES",1,"Eger",80189,2688,568,83445,56600,2959,59559,71.38,59502,558,0.94,58944,365,58994,27374,23115,NA,3987,1914,0,NA,664,NA,1890,0.464406894679696,0.392151872964169,NA,0.0676404723127036,0.0324714983713355,0,NA,0.0112649294245385,NA,0.032064332247557,28212,13891,6437,3284,3752,1535,224,1001,NA,658,0.478218123877004,0.235464623521036,0.109112791131301,0.0556666779672509,0.063599688103875,0.0260195952130725,0.00379699630470895,0.0169678272366681,NA,0.0111536766450826,"Nyitrai Zsolt","Mirkóczki Ádám",NA,"Kertészné Kormos Noémi","Komlósi Csaba","Tóth Zoltán",NA,"Várady Zoltán",NA,NA,"FIDESZ_egy",0.705832470787764,0.258195748720209,0.100111970684039,15232,5901,-0.0138112291973085,0.156687249443133,-0.15808377803617,-838,9224,-9331
"61","HEVES",2,"Gyöngyös",76608,2168,392,79168,54249,2350,56599,71.49,56567,820,1.45,55747,691,55470,25729,23379,4632,NA,1260,NA,191,NA,NA,556,0.461531562236533,0.419376827452598,0.0830896729868872,NA,0.0226021131181947,NA,0.00342619333775809,NA,NA,0.00997363086802877,25046,17626,5257,2842,2345,960,179,602,NA,613,0.451523345952767,0.317757346313323,0.0947719488011538,0.051234901748693,0.0422751036596358,0.0173066522444565,0.00322696953308094,0.0108527131782946,NA,0.0110510185685956,"Horváth László","Vona Gábor","Orosz Bálint János",NA,"Reichenberger János Gyula",NA,"Réz Ágnes",NA,NA,NA,"FIDESZ_egy",0.708137531328321,0.20881557598702,0.10911797944284,11583,6083,0.0100082162837656,0.101619481139276,-0.09969759654418,683,5753,-5500
"62","HEVES",3,"Hatvan",79465,1742,268,81475,53451,1805,55256,67.82,55203,571,1.03,54632,572,54478,27726,19219,4755,NA,1703,547,NA,NA,NA,682,0.507504759115537,0.351790159613413,0.0870369014496998,NA,0.0311722067652658,0.0100124469175575,NA,NA,NA,0.0124835261385269,26940,15126,5319,2459,2313,941,123,588,NA,669,0.494511545945152,0.277653364660964,0.0976357428686809,0.0451374866918756,0.0424575057821506,0.0172730276441866,0.00225779213627519,0.0107933477734131,NA,0.0122801864973017,"Szabó Zsolt","Sneider Tamás","Tóth Norbert",NA,"Tóth Norbert","Déri Tibor",NA,NA,NA,NA,"FIDESZ_egy",0.67263575158875,0.204761555123169,0.128221555132523,11155,7005,0.0129932131703845,0.0741367949524493,-0.0765399999906459,786,4093,-4150
"63","JÁSZ–NAGYKUN–SZOLNOK",1,"Szolnok",77680,2453,538,80671,53955,2717,56672,70.25,56637,410,0.72,56227,465,56113,23665,19746,8520,NA,2028,863,NA,NA,NA,1405,0.420883205577392,0.351183595069984,0.151528625037793,NA,0.0360680811709677,0.015348498052537,NA,NA,NA,0.0249879950913262,23338,14495,7911,3081,3654,1565,234,887,NA,948,0.415910751519256,0.258318036818563,0.140983372836954,0.0549070625345285,0.0651185999679219,0.0278901502325664,0.00417015664819204,0.0158073886621638,NA,0.0168944807798549,"Dr. Kállai Mária","Dr. Csikós Attila","Györfi Mihály",NA,"Dr. Kelemen István","Szekeres Éva",NA,NA,NA,NA,"FIDESZ_egy",0.694580329557158,0.293069342220163,0.202945204261298,16445,11411,0.00497245405813584,0.0928655582514216,-0.0901241379588649,327,5251,-5034
"64","JÁSZ–NAGYKUN–SZOLNOK",2,"Jászberény",71104,1500,235,72839,47033,1564,48597,66.72,48560,625,1.29,47935,498,47821,24549,16057,NA,3893,2035,298,105,372,NA,626,0.512131010743715,0.334974444560342,NA,0.0812141441535413,0.0424533222071555,0.00621675185146553,0.00219046625638886,0.00776050902263482,NA,0.0130593512047564,25034,12192,4211,1808,2383,965,153,521,NA,554,0.523493862529014,0.25495075385291,0.0880575479391899,0.0378076577235942,0.0498316639133435,0.0201794190836662,0.00319943121222894,0.0108947951736685,NA,0.0115848685723845,"Pócs János","Budai Lóránt",NA,"Dr. Gedei József","Eszes Béla","Pálffy István","Urbán Imre","Csinger Marianna",NA,NA,"FIDESZ_egy",0.661467709270927,0.199075719872023,0.132074684468551,9520,6331,-0.0113628517852989,0.0800236907074323,-0.0670010354034715,-485,3865,-3189
"65","JÁSZ–NAGYKUN–SZOLNOK",3,"Karcag",75608,2427,289,78324,47498,2472,49970,63.8,49906,915,1.83,48991,906,48864,27086,16128,NA,2663,1685,442,NA,NA,NA,987,0.552877059051663,0.329203323059337,NA,0.0543569227000878,0.0343940723806413,0.00902206527729583,NA,NA,NA,0.0201465575309751,27072,11950,4024,1750,2005,714,139,503,NA,707,0.554027504911591,0.244556319580878,0.0823510150622135,0.0358136869679109,0.0410322527832351,0.0146119842829077,0.00284462999345121,0.0102938768827767,NA,0.014468729535036,"Kovács Sándor","Dr. Lukács László György",NA,"Bodó Jánosné","Sallai Róbert Benedek","Mikle Richárd",NA,NA,NA,NA,"FIDESZ_egy",0.628213945614221,0.176653569089718,0.097773060358025,8632,4790,-0.00115044585992885,0.0846470034784599,-0.0788805087316935,14,4178,-3842
"66","JÁSZ–NAGYKUN–SZOLNOK",4,"Törökszentmiklós",74043,2047,278,76368,47230,2113,49343,64.61,49303,844,1.71,48459,918,48078,21668,19760,4668,NA,1119,350,NA,NA,NA,894,0.447140881982707,0.407767390990322,0.096328855320993,NA,0.0230916857549681,0.00722260054891764,NA,NA,NA,0.0184485854020925,22219,14509,5097,1890,2161,705,124,637,NA,736,0.462144847955406,0.301780440118141,0.106015225258954,0.0393111194309247,0.044947793169433,0.0146636715337576,0.00257914222721411,0.013249303215608,NA,0.0153084570905612,"Boldog István","Csányi Tamás","Rózsa Endre",NA,"Ecseki Virág","Matisz Károly",NA,NA,NA,NA,"FIDESZ_egy",0.637872587550477,0.207516951620284,0.126643141624879,9977,6137,-0.0150039659726988,0.10598695087218,-0.0808738099954049,-551,5251,-3840
"67","KOMÁROM–ESZTERGOM",1,"Tatabánya",79016,1569,504,81089,55064,1903,56967,70.25,56897,346,0.61,56551,341,56243,25128,11071,15192,NA,2440,785,NA,985,NA,950,0.444342275114498,0.195770189740234,0.268642464324238,NA,0.0431468939541299,0.0138812753090131,NA,0.017417905960991,NA,0.0167989955968948,22689,12359,8454,3883,4790,1782,303,1219,NA,764,0.403410202158491,0.219742901338833,0.150312038831499,0.0690397027185605,0.0851661540102768,0.0316839428906708,0.00538733709083797,0.0216738082961435,NA,0.0135839126646872,"Bencsik János","Boda Bánk László","Fekete Miklós",NA,"Körtvélyfáy Menyhért","Novák László",NA,"Barna Alexandra",NA,NA,"FIDESZ_egy",0.696871519692214,0.341589175541845,0.325670633587381,19212,18417,0.0409320729560076,-0.0239727115985988,-0.0159185419544639,2439,-1288,-795
"68","KOMÁROM–ESZTERGOM",2,"Esztergom",80712,1665,499,82876,56339,1947,58286,70.33,58239,426,0.73,57813,417,56892,26137,19834,NA,6474,2657,NA,NA,958,NA,1753,0.452095549443897,0.343071627488627,NA,0.111981734212028,0.0459585214398146,NA,NA,0.0165706674969298,NA,0.0303218999187034,25219,14897,5104,3924,4101,1433,206,1210,NA,798,0.443278492582437,0.26184700836673,0.0897138437741686,0.0689727905505168,0.0720839485340645,0.0251880756521128,0.00362089573226464,0.0212683681361176,NA,0.0140265766715883,"Dr. Völner Pál","Nunkovics Tibor",NA,"Dr. Vadai Ágnes","Dr. Munkácsy Béla Attila",NA,NA,"Papp László",NA,NA,"FIDESZ_egy",0.698025076816335,0.259579554243127,0.157940255651843,14768,9131,0.00881705686145978,0.0812246191218972,-0.101639298591284,918,4937,-5637
"69","KOMÁROM–ESZTERGOM",3,"Komárom",81589,1630,322,83541,56093,1762,57855,69.25,57815,467,0.81,57348,511,56786,29241,15258,7127,NA,2827,1363,NA,974,NA,558,0.509887005649718,0.26605984515589,0.124276347911,NA,0.049295529050708,0.0237671758387389,NA,0.0169840273418428,NA,0.00973006905210295,28508,12263,5855,3257,3655,1356,167,1011,NA,714,0.502025147043285,0.215951114711373,0.103106399464657,0.0573556862606981,0.0643644560278942,0.0238791251364773,0.00294086570633607,0.0178036840066213,NA,0.0125735216426584,"Czunyiné Dr. Bertalan Judit","Tóth Endre","Sólyom Jöran",NA,"Talabér Gábor","Lakatos Béla",NA,"Velki Dávid",NA,NA,"FIDESZ_egy",0.687506894311733,0.251646532596062,0.197339052800446,14290,11317,0.00786185860643229,0.0501087304445179,-0.054307479795616,733,2995,-2973
"70","NÓGRÁD",1,"Salgótarján",76438,2345,374,79157,50243,2471,52714,66.59,52660,669,1.27,51991,485,51599,24611,11553,NA,4636,8478,320,221,445,NA,1727,0.473370391029217,0.222211536612106,NA,0.0891692792983401,0.163066684618492,0.00615491142697775,0.00425073570425651,0.00855917370314093,NA,0.0332172876074705,24973,11077,7405,2914,2905,739,183,598,NA,805,0.483982247717979,0.21467470299812,0.143510533149867,0.0564739626736952,0.056299540688773,0.0143219829841664,0.0035465803600845,0.0115893718870521,NA,0.0156010775402624,"Dr. Becsó Károly","Cseresznyés István",NA,"Kovács Zsolt","Dömsödi Gábor","Tóth Csaba","Nógrádi Nóra","Betes Mona",NA,NA,"FIDESZ_egy",0.657303958763966,0.274152599856586,0.262641611048066,14146,13655,-0.0106118566887625,0.00753683361398583,-0.0115109888085204,-362,476,-491
"71","NÓGRÁD",2,"Balassagyarmat",78022,2380,348,80750,53047,2479,55526,68.76,55436,602,1.09,54834,806,53453,29754,15062,6776,NA,2095,NA,NA,NA,NA,1147,0.542619542619543,0.274683590473064,0.123572965678229,NA,0.0382062224167487,NA,NA,NA,NA,0.0209176788124157,29093,11581,5626,2148,2453,870,160,616,NA,906,0.544272538491759,0.216657624455129,0.105251342300713,0.0401848352758498,0.0458907825566385,0.0162759807681515,0.00299328381943015,0.0115241427048061,NA,0.0169494696275232,"Balla Mihály","Dobrocsi Lénárd","Csukáné Szerémy Andrea",NA,"Gyenes Szilárd",NA,NA,NA,NA,NA,"FIDESZ_egy",0.679897977493527,0.210596224720783,0.161779188094978,11257,8871,-0.00165299587221657,0.0580259660179354,-0.0488170366258052,661,3481,-2386
"72","PEST",1,"Érd",80577,1529,779,82885,60130,2061,62191,75.03,62119,417,0.67,61702,495,61055,26987,8014,21888,NA,2264,1035,NA,1146,NA,368,0.437376422158115,0.129882337687595,0.35473728566335,NA,0.0366924897085994,0.0167741726362192,NA,0.0185731418754659,NA,0.00596415027065573,26472,10699,9781,3595,5443,2492,543,1461,NA,569,0.43357628367865,0.175235443452625,0.160199819834575,0.0588813364998772,0.0891491278355581,0.0408156580132667,0.00889362050610106,0.0239292441241504,NA,0.00931946605519613,"Aradszki András","Vágó Sebestyén","Dr. Csõzik László",NA,"Turcsán Szabolcs","Gál Alex",NA,"Szécsi Barbara",NA,NA,"FIDESZ_egy",0.746242724350621,0.357939562689378,0.408203948008168,21854,25187,0.00380013847946437,-0.0453531057650295,0.0502643853187899,515,-2685,3333
"73","PEST",2,"Budakeszi",87203,1745,1308,90256,68275,2763,71038,78.71,70861,650,0.92,70211,816,68033,30990,5923,NA,NA,30694,0,NA,1544,NA,1060,0.441383828744784,0.0843600005697113,NA,NA,0.437167965133669,0,NA,0.0219908561336543,NA,0.0150973494181823,30189,8599,7790,3912,10974,3474,685,1844,NA,566,0.443740537680243,0.126394543824321,0.114503255772934,0.0575015066217865,0.161304073023386,0.051063454500022,0.0100686431584672,0.027104493407611,NA,0.00831949201122984,"Csenger-Zalán Zsolt","Császárné Kollár Tímea Annamária",NA,NA,"Dr. Szél Bernadett","Szemzõ Áron",NA,"Betlehem Csaba",NA,NA,"FIDESZ_egy",0.782943247365343,0.394440933076595,0.437167965133669,26835,30694,-0.00235670893545981,-0.0420345432546093,0.0427270320570733,801,-2676,3859
"74","PEST",3,"Szentendre",85287,1759,1024,88070,64696,2539,67235,76.34,67149,546,0.81,66603,480,65147,30711,11624,NA,12852,4706,1469,2044,1827,NA,1370,0.461105355614612,0.174526672972689,NA,0.192964280888248,0.0706574778913863,0.0220560635406814,0.0306893082894164,0.0274311967929373,NA,0.0205696440100296,30495,9825,7051,4288,6659,3111,1032,1970,NA,716,0.468095230785761,0.150812777257587,0.10823215190262,0.0658203754585783,0.10221499071331,0.0477535419896542,0.015841097824919,0.030239304956483,NA,0.0109905291110872,"Hadházy Sándor","Pál Gábor",NA,"Király Miklós","Drávucz Zsolt","Vásárhelyi Judit","Spät Judit","Kövesdi Miklós Gábor",NA,NA,"FIDESZ_egy",0.758568128788678,0.339862157889082,0.316367130609732,22141,21071,-0.00698987517114946,0.0237138957151022,-0.0234950272793493,216,1799,-1070
"75","PEST",4,"Vác",71719,1682,483,73884,52317,1997,54314,73.51,54259,651,1.2,53608,523,53297,27559,12824,NA,0,10131,930,974,NA,NA,1190,0.514083718847933,0.239218027160125,NA,0,0.188982987613789,0.0173481569914938,0.0181689300104462,NA,NA,0.0221981793762125,27295,10245,4948,2535,4727,1448,381,1007,NA,711,0.51213013865696,0.192224703078973,0.0928382460551251,0.0475636527384281,0.0886916712010057,0.0271685085464473,0.00714861999737321,0.0188941216203539,NA,0.0133403381053343,"Rétvári Bence","Fehér Zsolt",NA,"Krauze István","Matkovich Ilona","Juhász Béla Róbert","Dr. Jakab Zoltán",NA,NA,NA,"FIDESZ_egy",0.72947196698225,0.263410698538379,0.224500074615729,14039,12035,0.00195358019097314,0.0469933240811528,-0.0389106239226503,264,2579,-2004
"76","PEST",5,"Dunakeszi",91122,1685,928,93735,69125,2340,71465,76.24,71423,849,1.19,70574,617,70619,30537,10902,NA,25576,0,2502,0,NA,NA,1057,0.432694760109956,0.154476152690793,NA,0.362399750616374,0,0.0354521495168192,0,NA,NA,0.0149771870660583,29257,12381,8287,6643,7083,3602,719,1812,NA,835,0.414293603704386,0.175321089225279,0.117348022486866,0.0940681686231751,0.100298786445574,0.0510061031733669,0.0101813959416021,0.0256588170322434,NA,0.0118240133675073,"Tuzson Bence","Varga Zoltán Péter",NA,"Rónai Sándor","Dr. Kiss Csaba","Kohut Ákos","Dr. Vargha Nóra",NA,NA,NA,"FIDESZ_egy",0.758598362634709,0.372902476670584,0.397851900133194,26334,28078,0.01840115640557,-0.0208449365344867,0.0249494234626091,1280,-1479,1744
"77","PEST",6,"Gödöllõ",85531,1573,637,87741,63211,2029,65240,74.36,65186,758,1.16,64428,543,64179,29588,12343,4776,NA,14763,848,233,1109,NA,768,0.459241323648103,0.191578195815484,0.0741292605699385,NA,0.229139504563233,0.0131619792636742,0.00361644005711802,0.0172130129757248,NA,0.0119202831067238,30219,11813,6759,3224,7629,2171,408,1302,NA,654,0.470854952554574,0.184063322893781,0.105314822605525,0.0502345003817448,0.118870658626654,0.0338272643699653,0.0063572196512878,0.0202870097695508,NA,0.0101902491469172,"Vécsey László József","Vig János","Makrai Zoltán",NA,"Lengyel Szilvia","Molnár László","Kis Imre","Bõsze Gábor",NA,NA,"FIDESZ_egy",0.739041984777449,0.314604465635177,0.320047184453964,20191,20620,-0.0116136289064706,0.0075148729217025,0.0054427188187875,-631,530,429
"78","PEST",7,"Vecsés",85943,1296,543,87782,60611,1640,62251,70.92,62175,854,1.37,61321,980,60697,27485,18114,NA,8744,3538,1350,705,NA,NA,1385,0.448215130216402,0.295396356876111,NA,0.142593891162897,0.057696384599077,0.0220152965541984,0.0114968770894147,NA,NA,0.0225860635018998,26535,13613,6832,4144,4880,2084,510,1305,NA,794,0.437171524128046,0.224277970904658,0.112559105062853,0.0682735555299273,0.0803993607591808,0.0343344811110928,0.00840239221048816,0.0215002388915432,NA,0.013081371402211,"Dr. Szûcs Lajos","Sas Zoltán",NA,"Nyeste Andrea","Apostol Klaudia","Kalasovszky Bernadett","Tóth Judit",NA,NA,NA,"FIDESZ_egy",0.705246500587599,0.303968894673542,0.233802449405587,18450,14337,0.0110436060883563,0.0711183859714534,-0.0701664452679553,950,4501,-4113
"79","PEST",8,"Szigetszentmiklós",86549,1689,662,88900,61157,2068,63225,71.12,63144,485,0.77,62659,391,62205,25272,12758,19188,NA,3016,1355,0,NA,NA,1070,0.403325938811663,0.203610016118993,0.306228953542189,NA,0.0481335482532438,0.0216249860355256,0,NA,NA,0.0170765572383855,25332,13240,9549,4121,4911,2420,492,1314,NA,826,0.40723414516518,0.21284462663773,0.153508560405112,0.0662486938349007,0.0789486375693272,0.0389036251105217,0.00790933204726308,0.0211237038823246,NA,0.0132786753476409,"Bóna Zoltán","Lupa János","Stefanik Zsolt",NA,"Hevényiné Danics Nikoletta","Tótok József","Ketskeméty-Rády Magdolna",NA,NA,NA,"FIDESZ_egy",0.7066170608557,0.345518848967125,0.375987487830958,21493,23559,-0.00390820635351652,-0.00923461051873678,0.0304686388638332,-60,-482,2066
"80","PEST",9,"Nagykáta",73762,1595,248,75605,47010,1615,48625,64.31,48623,760,1.56,47863,610,47954,24051,16017,3426,NA,1409,NA,163,NA,2144,653,0.502496709357959,0.334642625827884,0.0715792992499425,NA,0.0294381881620458,NA,0.00340555335018699,NA,0.0447945176858952,0.0136431063660865,25517,11409,4363,1929,2315,881,215,690,NA,635,0.532114109354798,0.237915502356425,0.090983025399341,0.0402260499645494,0.0482754306210118,0.0183717729490762,0.00448346331901405,0.0143887892563707,NA,0.0132418567794136,"Czerván György","Bozsik József","Török Zsolt",NA,"Szalay Sándor",NA,"Mérõ Péter Ferenc",NA,"Majoros Tibor",NA,"FIDESZ_egy",0.637320029283371,0.202339742252992,0.104423040762175,9703,4998,-0.0296173999968391,0.0967271234714588,-0.0979167014908171,-1466,4608,-4705
"81","PEST",10,"Monor",75401,1409,325,77135,48326,1533,49859,64.64,49818,423,0.85,49395,346,49050,25989,12944,7065,NA,1666,795,287,NA,NA,649,0.526146371090191,0.262050814859804,0.143030671120559,NA,0.0337281101326045,0.0160947464318251,0.00581030468670918,NA,NA,0.0131389816783075,24790,10976,5514,2206,2602,1133,246,853,NA,730,0.505402650356779,0.223771661569827,0.112415902140673,0.0449745158002039,0.0530479102956167,0.023098878695209,0.00501529051987768,0.0173904179408767,NA,0.0148827726809378,"Pogácsás Tibor","Lendvay Endre","Torzsa Sándor",NA,"Lutter Ferenc","Janzsó Miklós Csaba","Papp Roland",NA,NA,NA,"FIDESZ_egy",0.640919881699182,0.23855249745158,0.198663832371698,11701,9813,0.0207437207334126,0.0382791532899769,-0.0398886650798825,1199,1968,-1888
"82","PEST",11,"Dabas",83643,1478,423,85544,57394,1701,59095,69.08,59052,588,1,58464,352,57767,29780,17231,7157,NA,3300,0,NA,NA,NA,996,0.509373289545703,0.29472837985769,0.122417214012042,NA,0.0564449917898194,0,NA,NA,NA,0.0170361247947455,29093,12386,5908,2735,3992,1528,317,986,NA,822,0.503626638045943,0.214413073207887,0.102272923987744,0.0473453701940554,0.0691051984697145,0.0264510879914138,0.00548756210293074,0.0170685685599044,NA,0.0142295774404072,"Pánczél Károly","Magyar Péter","Kücsön Sándor",NA,"Török László","Galgóczi Péter",NA,NA,NA,NA,"FIDESZ_egy",0.686178161950193,0.250662142745858,0.178862205801861,14480,10457,0.00574665149976017,0.0803153066498033,-0.0717999369439974,687,4845,-4023
"83","PEST",12,"Cegléd",73141,1462,314,74917,47295,1589,48884,65.25,48864,788,1.61,48076,589,48213,24826,16145,NA,3372,1961,638,NA,588,NA,546,0.516390714701722,0.335822447790998,NA,0.070138946667776,0.0407895831599967,0.0132706547965721,NA,0.0122306348281887,NA,0.0113570180547467,25392,11426,4191,2196,2634,1065,144,658,NA,507,0.526662933233775,0.236990023437662,0.0869267624914442,0.045547881276834,0.0546325679795906,0.022089477941634,0.00298674631323502,0.0136477713479767,NA,0.0105158359778483,"Földi László","Volner János",NA,"Dr. Szüdi János","Földi Áron","Mucsinyi Levente",NA,"Kis Viktor",NA,NA,"FIDESZ_egy",0.646627746407624,0.212183436002738,0.124199184624345,10230,5971,-0.0102722185320528,0.0988324243533355,-0.087984251378393,-566,4719,-4259
"84","SOMOGY",1,"Kaposvár",61206,2193,380,63779,42698,2359,45057,70.65,45013,463,1.03,44550,395,44558,19466,14206,NA,5700,2057,743,450,NA,NA,1928,0.436947250280584,0.318877665544332,NA,0.127946127946128,0.0461728395061728,0.0166778900112233,0.0101010101010101,NA,NA,0.0432772166105499,19705,10181,5268,3178,3324,1365,303,682,NA,552,0.442232595717941,0.22848871134252,0.118227927644867,0.0713227703218277,0.0745993985367386,0.0306342295435163,0.00680012567889043,0.015305893442255,NA,0.012388347771444,"Gelencsér Attila","Miháldinecz Gábor",NA,"Dr. László Imre","Dr. Busa József","Berg Dániel","Kerepesi Tibor",NA,NA,NA,"FIDESZ_egy",0.697611345292945,0.30158445172584,0.200897867564534,13438,8950,-0.00528534543735704,0.0903889542018124,-0.100686584161306,-239,4025,-4488
"85","SOMOGY",2,"Barcs",59759,1756,196,61711,38030,1788,39818,64.52,39756,600,1.51,39156,1006,38272,20217,14951,NA,2340,787,NA,96,NA,NA,765,0.516319338032485,0.381831647767903,NA,0.0597609561752988,0.0200990908162223,NA,0.00245173153539687,NA,NA,0.0195372356726938,20052,10308,3331,1822,1434,470,113,287,NA,455,0.523933946488294,0.269335284280936,0.0870349080267559,0.0476066053511706,0.0374686454849498,0.0122805183946488,0.00295255016722408,0.00749895484949833,NA,0.0118885869565217,"Szászfalvi László","Ander Balázs",NA,"Remes Gábor","Sipos Zoltán",NA,"Gyertyás Lászlóné",NA,NA,NA,"FIDESZ_egy",0.636389497816229,0.187343227424749,0.082311778526918,7170,3223,-0.00761460845580886,0.112496363486966,-0.105031448897831,165,4643,-3947
"86","SOMOGY",3,"Marcali",61189,2298,295,63782,40535,2372,42907,67.27,42868,649,1.51,42219,605,42258,21892,15695,3029,NA,835,0,NA,NA,NA,768,0.518534309197281,0.371752054762074,0.0717449489566309,NA,0.0197778251498141,0,NA,NA,NA,0.0181908619342002,22721,9913,3986,1921,1865,724,140,439,NA,549,0.537673339959298,0.234582800889772,0.0943253348478395,0.0454588480287756,0.0441336551658858,0.0171328505845047,0.00331298215722467,0.0103885654787259,NA,0.0129916228879739,"Móring József Attila","Dr. Steinmetz Ádám","Dr. Mészáros Géza József",NA,"Filák Péter","Fábián László",NA,NA,NA,NA,"FIDESZ_egy",0.662455670136789,0.20436367078423,0.091522774106445,8636,3864,-0.0191390307620168,0.137169253872302,-0.112840896677785,-829,5782,-4772
"87","SOMOGY",4,"Siófok",62374,2499,384,65257,42600,2659,45259,69.36,45220,374,0.83,44846,366,44797,22920,8635,11221,NA,918,478,NA,NA,NA,674,0.511082370780003,0.192547830352763,0.250211836061187,NA,0.020470053070508,0.0106586986576283,NA,NA,NA,0.0150292110779111,22650,9857,5103,2440,2380,1051,169,591,NA,556,0.505614215237628,0.220037056052861,0.113913878161484,0.0544679331205215,0.0531285577159185,0.0234613925039623,0.00377257405629841,0.0131928477353394,NA,0.0124115454159877,"Witzmann Mihály","Potocskáné Kõrösi Anita","Dr. Magyar György",NA,"Gál Ferenc","Nagy Dávid",NA,NA,NA,NA,"FIDESZ_egy",0.682976881392888,0.248744335558185,0.281340587789323,11143,12617,0.00546815554237512,-0.0274892257000979,0.0325962522311388,270,-1222,1474
"88","SZABOLCS–SZATMÁR–BEREG",1,"Nyíregyháza",72056,2978,633,75667,51283,3304,54587,72.14,54526,537,0.98,53989,484,53946,21779,10372,17725,NA,1792,838,0,670,NA,813,0.403396988275389,0.192113208246124,0.328307618218526,NA,0.0331919465076219,0.0155216803422919,0,0.0124099353572024,NA,0.0150586230528441,21834,11408,9757,3406,3723,1878,314,897,NA,729,0.404738071404738,0.211470729989249,0.180866051236422,0.0631372112853594,0.0690134579023468,0.0348125903681459,0.00582063545026508,0.0166277388499611,NA,0.0135135135135135,"Dr. Szabó Tünde","Lengyel Máté","Csabai Lászlóné",NA,"Dr. Szoboszlay György Csaba","Babosi György","Lövei Csaba","Vajas Károly",NA,NA,"FIDESZ_egy",0.711710336405018,0.353649946242539,0.37702124506844,19078,20355,-0.00134108312934861,-0.0193575217431243,0.0233712988259011,-55,-1036,1277
"89","SZABOLCS–SZATMÁR–BEREG",2,"Nyíregyháza",70692,2067,295,73054,45420,2107,47527,65.06,47471,703,1.48,46768,612,46558,22395,16393,NA,4909,1303,493,NA,NA,NA,1275,0.478853061922682,0.350517447827574,NA,0.104964933287718,0.027860930550804,0.010541395826206,NA,NA,NA,0.0272622305850154,22382,12410,4792,2193,2107,939,135,547,NA,1053,0.480733708492633,0.266549250397354,0.102925383392757,0.0471025387688475,0.0452553803857554,0.0201683921130633,0.00289960908973753,0.0117487864598995,NA,0.0226169508999527,"Dr. Vinnai Gyõzõ","Dr. Fülöp Erik",NA,"Dr. Helmeczy László","Cselószki Tamás","Szántó Gábor",NA,NA,NA,NA,"FIDESZ_egy",0.642505516890171,0.218351303750161,0.143367259664728,10166,6705,-0.00188064656995068,0.0839681974302206,-0.0749840440854331,13,3983,-3461
"90","SZABOLCS–SZATMÁR–BEREG",3,"Kisvárda",77533,2496,397,80426,50456,2619,53075,65.99,53021,696,1.31,52325,694,52128,32374,14513,NA,2512,1239,363,NA,NA,NA,1324,0.618709985666507,0.277362637362637,NA,0.0480076445293837,0.0236789297658863,0.00693741041567129,NA,NA,NA,0.025303392259914,29825,11924,4645,1890,1831,704,141,391,NA,777,0.572149324739104,0.228744628606507,0.0891075813382443,0.0362569060773481,0.0351250767341928,0.0135052179251074,0.0027048802946593,0.00750076734192756,NA,0.0149056169429098,"Dr. Seszták Miklós","Dr. Gyüre Csaba",NA,"Rakóczki Dénesné","Makranczi István","Matejka Rita",NA,NA,NA,NA,"FIDESZ_egy",0.650768060051849,0.176699662369552,0.0786239847109412,9211,4114,0.0465606609274036,0.0486180087561303,-0.0980756776586106,2549,2589,-5097
"91","SZABOLCS–SZATMÁR–BEREG",4,"Vásárosnamény",73750,2544,881,77175,47965,3001,50966,66.04,50910,923,1.81,49987,757,49806,29865,13641,4229,NA,461,241,46,NA,NA,1504,0.597455338387981,0.272890951647428,0.084601996519095,NA,0.00922239782343409,0.00482125352591674,0.000920239262208174,NA,NA,0.0300878228339368,31117,10381,4304,1361,1240,444,114,245,NA,600,0.624764084648436,0.208428703369072,0.0864152913303618,0.0273260249769104,0.024896598803357,0.00891458860378268,0.00228888085772798,0.00491908605388909,NA,0.0120467413564631,"Dr. Tilki Attila","Adorján Béla","Bihari Miklós",NA,"Tempfli József","Áncsán Márton","Jóczik Bálint",NA,NA,NA,"FIDESZ_egy",0.650372881355932,0.14984138457214,0.099565887130654,7463,4977,-0.027308746260455,0.0644622482783563,-0.0502754974414859,-1252,3260,-2486
"92","SZABOLCS–SZATMÁR–BEREG",5,"Mátészalka",73484,2156,398,76038,47272,2258,49530,65.14,49490,1164,2.35,48326,861,48252,28294,15897,NA,2032,864,319,NA,NA,NA,920,0.585481935190167,0.328953358440591,NA,0.0420477589703265,0.0178785746802963,0.00660100153126681,NA,NA,NA,0.0190373711873526,28910,11301,3948,1519,1200,497,97,262,NA,518,0.599146149382409,0.234207908480477,0.0818204426759513,0.0314805603912791,0.024869435463815,0.01030009118793,0.00201027936665838,0.00542982674293294,NA,0.0107353063085468,"Kovács Sándor","Dr. Apáti István",NA,"Csomáliné Rácz Erika","Tárkányi Sándor","Magyar Péter",NA,NA,NA,NA,"FIDESZ_egy",0.64329649991835,0.150480809085634,0.0665273351818897,7261,3215,-0.0136642141922423,0.0947454499601135,-0.0839534739037441,-616,4596,-4046
"93","SZABOLCS–SZATMÁR–BEREG",6,"Nyírbátor",71971,1866,291,74128,46739,1962,48701,65.7,48659,902,1.85,47757,767,47760,26994,9696,9302,NA,691,345,NA,NA,NA,729,0.56523650983102,0.20302782838118,0.194777728919321,NA,0.0144690830663568,0.00722407186381054,NA,NA,NA,0.0152647779383127,28176,9693,5962,1063,1273,553,95,302,NA,643,0.589949748743719,0.202952261306533,0.124832495812395,0.0222571189279732,0.0266541038525963,0.0115787269681742,0.0019891122278057,0.00632328308207705,NA,0.013463149078727,"Dr. Simon Miklós","Kész Géza","Dr. Veres János",NA,"Czimre József","Bankus Tibor János",NA,NA,NA,NA,"FIDESZ_egy",0.649414347445499,0.187311557788945,0.216470883849488,8946,10338,-0.0247132389126991,7.55670746470649e-05,0.0291593260605433,-1182,3,1392
"94","TOLNA",1,"Szekszárd",60233,1630,396,62259,40495,1833,42328,67.99,42272,619,1.46,41653,351,41425,21477,3899,0,NA,14896,0,NA,601,NA,780,0.515617122416153,0.0936067029985835,0,NA,0.35762129978633,0,NA,0.0144287326243008,NA,0.0187261421746333,21474,6119,5150,1895,4580,942,129,667,NA,469,0.51838261919131,0.147712733856367,0.124321062160531,0.0457453228726614,0.110561255280628,0.0227398913699457,0.00311406155703078,0.016101388050694,NA,0.0113216656608328,"Horváth István","Szabó Balázs","Dr. Harangozó Tamás",NA,"Dr. Hadházy Ákos","Rácz Norbert",NA,"Pesti Vendel",NA,NA,"FIDESZ_egy",0.672305878837182,0.306481593240797,0.35762129978633,12696,14896,-0.00276549677515703,-0.0541060308577834,0.0511397065455333,3,-2220,2200
"95","TOLNA",2,"Dombóvár",59452,1493,334,61279,39717,1643,41360,67.49,41328,423,1.02,40905,338,39579,23910,10127,NA,3468,1966,468,NA,NA,NA,966,0.584525119178585,0.247573646253514,NA,0.0847818115144848,0.0480625840361814,0.0114411441144114,NA,NA,NA,0.0236156949028236,22277,7618,3501,2057,2270,710,113,456,NA,577,0.562848985573157,0.192475807877915,0.0884559993936178,0.0519720053563759,0.0573536471361075,0.0179388059324389,0.00285504939488112,0.0115212612749185,NA,0.0145784380605877,"Potápi Árpád János","Fenyvesi Csaba Zsolt",NA,"Gecséné Dr. Slárku Szilvia","Dr. Kretz István József","Sárdi Csaba László",NA,NA,NA,NA,"FIDESZ_egy",0.668051537374689,0.218575507213421,0.144285539665078,8651,5902,0.0216761336054271,0.0550978383755992,-0.0742899675483437,1633,2509,-2749
"96","TOLNA",3,"Paks",59680,1575,249,61504,39581,1671,41252,67.07,41216,362,0.88,40854,318,40386,23605,9900,4806,NA,1259,527,NA,NA,NA,757,0.577789200567876,0.24232633279483,0.117638419738581,NA,0.0308170558574436,0.0128995936750379,NA,NA,NA,0.018529397366231,22568,8096,3828,1721,1985,925,146,559,NA,558,0.558807507552122,0.200465507849255,0.094785321646115,0.0426137770514535,0.0491506957856683,0.0229039766255633,0.00361511414846729,0.0138414301985837,NA,0.0138166691427722,"Süli János","Bencze János","Heringes Anita",NA,"Dömötörné Solymár Orsika","Dobosi Norbert",NA,NA,NA,NA,"FIDESZ_egy",0.663220509383378,0.213068885257267,0.161355069271063,8605,6592,0.0189816930157538,0.0418608249455757,-0.0517138159862046,1037,1804,-2013
"97","VAS",1,"Szombathely",67392,1885,333,69610,50754,2076,52830,75.89,52759,505,0.96,52254,499,51931,26086,6576,15950,NA,1854,610,NA,748,NA,430,0.499215371072071,0.125846825123436,0.305239790255291,NA,0.0354805373751292,0.011673747464309,NA,0.0143146936119723,NA,0.00822903509779156,26251,6894,8219,2702,4334,1785,300,949,NA,497,0.505497679613333,0.132753076197262,0.158267701372976,0.0520305790375691,0.0834568947256937,0.0343725327838863,0.00577689626619938,0.0182742485220774,NA,0.00957039148100364,"Dr. Hende Csaba","Balassa Péter","Dr. Nemény András",NA,"Németh Ákos","Falta Péter",NA,"Viszlayné Pavelkovits Petra",NA,NA,"FIDESZ_egy",0.753116096866097,0.333904604186324,0.35239407509473,17340,18414,-0.00628230854126199,-0.00690625107382623,0.0184894709084054,-165,-318,1074
"98","VAS",2,"Sárvár",67774,1646,211,69631,49537,1716,51253,73.61,51216,340,0.66,50876,411,50730,31226,9278,7110,NA,1826,677,NA,NA,NA,759,0.613766805566475,0.182364965799198,0.139751552795031,NA,0.0358911864140263,0.0133068637471499,NA,NA,NA,0.0149186256781193,30453,7753,5315,1648,2975,1107,133,678,NA,668,0.600295683027794,0.152828700965898,0.104770352848413,0.0324857086536566,0.0586438005125172,0.0218214074512123,0.00262172284644195,0.013364872856298,NA,0.0131677508377686,"Ágh Péter","Rába Kálmán","Dr. Horváth Attila",NA,"György István Péter","Kovács Attila",NA,NA,NA,NA,"FIDESZ_egy",0.730914509989081,0.220342992312241,0.188949602956207,11178,9613,0.0134711225386811,0.0295362648333002,-0.031393389356034,773,1525,-1565
"99","VAS",3,"Körmend",65674,1634,217,67525,47696,1710,49406,73.17,49372,612,1.24,48760,600,48476,30970,13072,NA,2093,1526,506,NA,NA,NA,593,0.635151763740771,0.268088597210829,NA,0.0429245283018868,0.0312961443806399,0.010377358490566,NA,NA,NA,0.0121616078753076,30991,8146,3372,1610,2275,865,140,566,NA,511,0.639306048353825,0.168041917649971,0.0695601947355392,0.0332123112468025,0.0469304398052645,0.0178438815083753,0.00288802706493935,0.0116758808482548,NA,0.0105412987870286,"V.Németh Zsolt","Bana Tibor",NA,"Balogh Tibor","Bogáti András","Gerencsér Mária",NA,NA,NA,NA,"FIDESZ_egy",0.726253920881932,0.170434854360921,0.0845980311730927,8262,4125,-0.00415428461305345,0.100046679560857,-0.0858368231878282,-21,4926,-4137
"100","VESZPRÉM",1,"Veszprém",69905,1890,529,72324,51315,2241,53556,74.05,53523,358,0.67,53165,359,52238,25920,7054,NA,NA,1811,744,NA,818,16688,130,0.487538794319571,0.132681275275087,NA,NA,0.0340637637543497,0.0139941690962099,NA,0.015386062259005,0.313890717577354,0.00244521771842377,24912,9736,6525,2669,4539,1856,321,1042,NA,638,0.476894214939316,0.186377732685019,0.124909070025652,0.0510930740074275,0.0868907691718672,0.0355296910295187,0.00614495195068724,0.0199471648991156,NA,0.0122133312913971,"Ovádi Péter","Dr. Varga-Damm Andrea",NA,NA,"Hites Viktor","Dr. Mezõdi János",NA,"Szimmer Ákos","Kész Zoltán",NA,"FIDESZ_egy",0.734067663257278,0.304567556185153,0.0480579328505596,15910,2555,0.0106445793802549,-0.0536964574099316,-0.256509623334593,1008,-2682,-13355
"101","VESZPRÉM",2,"Balatonfüred",70656,2728,516,73900,49747,2981,52728,71.35,52692,782,1.48,51910,443,52011,26280,17735,NA,5473,0,1276,NA,NA,NA,1146,0.506260836062416,0.341649007898286,NA,0.105432479291081,0,0.0245810055865922,NA,NA,NA,0.0220766711616259,25816,10463,5699,3063,3556,1516,270,966,NA,662,0.4963565399627,0.201168983484263,0.109572974947607,0.0588913883601546,0.0683701524677472,0.0291476802983984,0.00519120955182558,0.0185729941743093,NA,0.0127280767529946,"Kontrát Károly","Kepli Lajos",NA,"Deák Istvánné","Ságodi Zoltán","Kiss László",NA,NA,NA,NA,"FIDESZ_egy",0.70407325634058,0.271173405625733,0.130013484877673,14104,6749,0.00990429609971549,0.140480024414023,-0.14115992074806,464,7272,-7355
"102","VESZPRÉM",3,"Tapolca",67314,2438,342,70094,46506,2556,49062,69.99,48998,313,0.64,48685,293,48612,22838,19748,3992,NA,1107,NA,NA,576,NA,424,0.469097257882305,0.40562801684297,0.0819965081647325,NA,0.0227380096538975,NA,NA,0.0118311594947109,NA,0.00870904796138441,24437,11798,5497,2104,2508,939,147,696,NA,486,0.50269480786637,0.24269727639266,0.113079075125483,0.0432814942812474,0.0515921994569242,0.019316218217724,0.00302394470501111,0.0143174524808689,NA,0.00999753147371019,"Fenyvesi Zoltán","Rig Lajos","Kárpáti Lajos",NA,"Takács Lajos",NA,NA,"Pavlovics Márk",NA,NA,"FIDESZ_egy",0.690881540244229,0.23029293178639,0.10473451781863,11195,5099,-0.0335975499840658,0.16293074045031,-0.12555841396776,-1599,7950,-6096
"103","VESZPRÉM",4,"Pápa",68289,1802,288,70379,47511,1922,49433,70.24,49394,446,0.9,48948,479,48223,28557,11914,6519,NA,1063,411,NA,NA,NA,484,0.583415052708997,0.243401160415134,0.133182152488355,NA,0.0217169240827,0.00839666584947291,NA,NA,NA,0.00988804445534036,27936,9893,4628,1847,1894,804,136,526,NA,559,0.579308628662671,0.205151068991975,0.0959708023142484,0.0383012255562698,0.0392758642141717,0.0166725421479377,0.00282023101009892,0.010907658171412,NA,0.0115919789312154,"Dr. Kovács Zoltán","Töreki Milán","Gõgös Zoltán",NA,"Tomán Attila","Iker Áron",NA,NA,NA,NA,"FIDESZ_egy",0.695734305671484,0.193040665242727,0.163295742420528,9309,7993,0.004106424046326,0.0382500914231597,-0.0297449228221986,621,2021,-1316
"104","ZALA",1,"Zalaegerszeg",74491,2850,362,77703,55145,3007,58152,74.84,58085,449,0.77,57636,393,57713,30433,12616,8895,NA,2918,912,NA,NA,NA,1862,0.528020681518495,0.218890970920952,0.154330626691651,NA,0.050628079672427,0.0158234436810327,NA,NA,NA,0.0323061975154417,30568,10524,6388,2667,4189,1592,227,808,NA,750,0.529655363609585,0.182350596919238,0.110685634085908,0.0462114255020533,0.0725833001230225,0.0275847729281098,0.00393325593886993,0.0140003118881361,NA,0.0129953390050768,"Vigh László","Benke Richárd","Góra Balázs",NA,"Dr. Paksy Zoltán","Fodor Zsolt",NA,NA,NA,NA,"FIDESZ_egy",0.740290773382019,0.260998388577963,0.220782150045111,15063,12725,-0.00163468209108997,0.0365403740017139,-0.0402162385328527,-135,2092,-2338
"105","ZALA",2,"Keszthely",71508,2639,381,74528,49206,2804,52010,69.79,51963,408,0.79,51555,451,51518,28617,14595,NA,4245,2115,1095,351,NA,NA,537,0.555077102123945,0.283095723014257,NA,0.0823392493453593,0.0410241489671225,0.0212394530113471,0.00680826302007565,NA,NA,0.0104160605178935,28813,10361,4073,2496,3068,1252,190,686,NA,579,0.559280251562561,0.201114173686867,0.0790597461081564,0.0484490857564346,0.0595520012422842,0.0243021856438526,0.00368803136767732,0.013315734306456,NA,0.0112387903257114,"Manninger Jenõ","Dr. Weller-Jakus Tamás",NA,"Kovács Viktória","Temesváry Tibor","Elekes István","Csontos Gábor",NA,NA,NA,"FIDESZ_egy",0.688118811881188,0.215051050118405,0.151411114343905,11079,7806,-0.00420314943861533,0.0819815493273899,-0.0636399357745007,-196,4234,-3273
"106","ZALA",3,"Nagykanizsa",72467,2378,311,75156,49619,2495,52114,69.34,52056,489,0.94,51567,377,51554,25161,17840,NA,5136,1863,751,NA,NA,NA,816,0.487928326255163,0.34595768611709,NA,0.0995985804875211,0.036127756123102,0.0145635774817228,NA,NA,NA,0.0158240735354005,25045,12516,5455,3203,2869,1141,159,522,NA,644,0.48580129572875,0.242774566473988,0.105811382239981,0.0621290297552081,0.055650386003026,0.0221321332971253,0.00308414478023044,0.0101253055049075,NA,0.0124917562167824,"Cseresnyés Péter","Zakó László",NA,"Horváth Jácint","Dr. Károlyi Attila József","Dr. Polónyi Tamás",NA,NA,NA,NA,"FIDESZ_egy",0.684711661859881,0.248807076075571,0.150289914092346,12827,7750,0.00212703052641278,0.103183119643102,-0.0985171619832254,116,5324,-5077
