"","MEGYE","OEVK","SZEKHELY","AE","BE","CE","EE","FE","IE","JE","JE_pct","KE","ME","ME_pct","NE","FIDESZ_egy","MSZP_egy","JOBBIK_egy","LMP_egy","MAS_egy","FIDESZ_egy_pct","MSZP_egy_pct","JOBBIK_egy_pct","LMP_egy_pct","MAS_egy_pct","FIDESZ_lst","MSZP_lst","JOBBIK_lst","LMP_lst","MAS_lst","FIDESZ_lst_pct","MSZP_lst_pct","JOBBIK_lst_pct","LMP_lst_pct","MAS_lst_pct","FIDESZ_egy_jlt","MSZP_egy_jlt","JOBBIK_egy_jlt","LMP_egy_jlt","winner","dev_lst_egy"
"1","BARANYA",1,"Pécs",78831,1509,428,80768,49518,1710,51228,0.6343,51172,469,0.0092,50703,18855,16706,8379,4489,2274,0.3719,0.3295,0.1653,0.0885,0.0448494171942489,18466,16397,8635,4635,2301,0.366141888408613,0.325117975968593,0.171213863663402,0.0919022881389539,0.0456239838204386,"Csizi Péter","Dr. Tóth Bertalan","Németh Zsolt","Dr. Kóbor József","FIDESZ_egy",0.00575811159138678
"2","BARANYA",2,"Pécs",78879,1134,279,80292,47408,1238,48646,0.6059,48585,570,0.0117,48015,17413,15334,9931,3650,1687,0.3627,0.3194,0.2068,0.076,0.0351348536915547,16842,15091,9897,3595,2016,0.35500938007209,0.318100377310765,0.208617019034169,0.0757783351952952,0.0424948883876815,"Dr. Hoppál Péter Tamás","Dr. Szakács László","Gyimesi Gábor Jenõ","Dr. Keresztes László Lóránt","FIDESZ_egy",0.00769061992791048
"3","BARANYA",3,"Mohács",74934,830,190,75954,42834,919,43753,0.576,43685,662,0.0152,43023,21625,8983,8137,1890,2388,0.5026,0.2088,0.1891,0.0439,0.0555051948957534,20074,8842,8301,1729,1562,0.495556433297127,0.21827787103782,0.204922484447517,0.0426829268292683,0.038560284388269,"Dr. Hargitai János György","Loschán Ferenc","Szõcs Norbert","Hartweg Ildikó Anna","FIDESZ_egy",0.00704356670287354
"4","BARANYA",4,"Szigetvár",79288,852,124,80264,44347,848,45195,0.5631,45151,750,0.0166,44401,19563,12131,9081,1439,2187,0.4406,0.2732,0.2045,0.0324,0.0492556473953289,19388,10949,9519,1602,1849,0.447687440829427,0.252822869282102,0.21980280324197,0.0369917103470571,0.0426951762994435,"Tiffán Zsolt","Nagy Attila","Vida Dezsõ Zoltán","Angyal Károly Tibor","FIDESZ_egy",-0.00708744082942714
"5","BORSOD–ABAÚJ–ZEMPLÉN",1,"Miskolc",77544,1290,239,79073,48486,1339,49825,0.6301,49740,449,0.009,49291,16602,14072,15050,1624,1943,0.3368,0.2855,0.3053,0.0329,0.0394189608650666,16928,14068,14447,1870,2020,0.343137453631443,0.285164088946547,0.292846573287657,0.03790566152474,0.0409462226096122,"Csöbör Katalin","Nagy-Korsa Judit Anna","Badány Lajos","Emõdi Zoltán","FIDESZ_egy",-0.00633745363144345
"6","BORSOD–ABAÚJ–ZEMPLÉN",2,"Miskolc",75466,1219,255,76940,46356,1282,47638,0.6192,47596,456,0.0096,47140,14560,14798,14425,1555,1802,0.3089,0.3139,0.306,0.033,0.0382265591854052,15363,14316,13692,1906,1897,0.325666680798745,0.303472251664052,0.290244626277187,0.0404036121592403,0.0402128291007759,"Sebestyén László","Dr. Varga László","Pakusza Zoltán","Mile Lajos","MSZP_egy",-0.016766680798745
"7","BORSOD–ABAÚJ–ZEMPLÉN",3,"Ózd",76265,1152,98,77515,40453,1077,41530,0.5358,41511,531,0.0128,40980,15473,10146,12148,612,2601,0.3776,0.2476,0.2964,0.0149,0.0634699853587116,15789,10428,12378,772,1642,0.38501304591675,0.254285644614597,0.301836182301446,0.018825135945768,0.0400399912214392,"Riz Gábor","Nyakó István","Egyed Zsolt","Szilágyi Imre","FIDESZ_egy",-0.00741304591675002
"8","BORSOD–ABAÚJ–ZEMPLÉN",4,"Kazincbarcika",79128,1095,106,80329,44663,1084,45747,0.5695,45725,773,0.0169,44952,16696,12563,12500,859,2334,0.3714,0.2795,0.2781,0.0191,0.051922050186866,16709,11880,13373,1054,1948,0.371608397829375,0.264211369095276,0.297415710346055,0.023440975002224,0.0433235477270705,"Demeter Zoltán","Klimon István","Miklós Árpád","Gulyás Pál","FIDESZ_egy",-0.000208397829374596
"9","BORSOD–ABAÚJ–ZEMPLÉN",5,"Sátoraljaújhely",78224,1624,108,79956,42952,1529,44481,0.5563,44473,685,0.0154,43788,19932,9566,11561,1045,1684,0.4552,0.2185,0.264,0.0239,0.0384580250296885,19369,9589,11711,1044,1681,0.446352030234595,0.220975250034567,0.269876019726229,0.0240586256164447,0.0387380743881643,"Dr. Hörcsik Richárd","Vécsi István","Pasztorniczky István","Dr. Tóth István","FIDESZ_egy",0.00884796976540536
"10","BORSOD–ABAÚJ–ZEMPLÉN",6,"Tiszaújváros",79749,1220,151,81120,46821,1195,48016,0.5919,47984,622,0.013,47362,19149,11133,14009,1211,1860,0.4043,0.2351,0.2958,0.0256,0.0392719902031164,19030,10701,14418,1451,1657,0.402691664726919,0.226442643417906,0.305097657489896,0.0307044459021944,0.0350635884630848,"Dr. Mengyi Roland","Pap Zsolt","Balla Gergõ","Dr. Tarnai Gábor Elemér","FIDESZ_egy",0.00160833527308124
"11","BORSOD–ABAÚJ–ZEMPLÉN",7,"Mezõkövesd",77540,1071,136,78747,46484,1047,47531,0.6036,47514,637,0.0134,46877,22124,8894,12829,917,2113,0.472,0.1897,0.2737,0.0196,0.0450754101158351,20522,8839,14498,1253,1765,0.437783987883184,0.188557288222369,0.309277470827911,0.0267295262068818,0.037651726859654,"Tállai András László","Nyeste László","Dr. Bóta Mihály","Vajda Béla","FIDESZ_egy",0.0342160121168163
"12","BUDAPEST",1,"Budapest V.ker.",64579,1497,1116,67192,45655,2401,48056,0.7152,47977,499,0.0104,47478,21503,15459,3713,6482,321,0.4529,0.3256,0.0782,0.1365,0.00676102615948439,21073,15967,3764,5438,1409,0.442236259469896,0.335082159870727,0.0789909970409855,0.114121424524144,0.0295691590942478,"Rogán Antal","Kerék-Bárczy Szabolcs","Hegedûs Lóránt Gézáné","Schiffer András","FIDESZ_egy",0.0106637405301043
"13","BUDAPEST",2,"Budapest XI.ker.",69875,1190,892,71957,52248,1870,54118,0.7521,54096,581,0.0107,53515,23963,19643,4291,4615,1003,0.4478,0.3671,0.0802,0.0862,0.0187424086704662,23136,19042,4251,5408,1645,0.43259414382409,0.356045024494222,0.0794846864365581,0.101118133203695,0.0307580120414345,"Dr. Simicskó István","Dr. Józsa István","Novák Elõd Attila","Csárdi Antal","FIDESZ_egy",0.0152058561759096
"14","BUDAPEST",3,"Budapest XII.ker.",67140,1131,1181,69452,51044,2100,53144,0.7652,52984,375,0.0071,52609,24610,18414,3220,5321,1044,0.4678,0.35,0.0612,0.1011,0.0198445132962041,24243,18028,3230,5863,1335,0.460027704510522,0.342093777870548,0.0612914856069375,0.111254483007268,0.0253325490047249,"Dr. Fónagy János Vilmos","Bauer Tamás","Szávay István","Hajdu Mária","FIDESZ_egy",0.007772295489478
"15","BUDAPEST",4,"Budapest II.ker.",69346,857,1132,71335,52973,1811,54784,0.768,54710,399,0.0073,54311,24928,20750,3583,4618,432,0.459,0.3821,0.066,0.085,0.00795418975898069,23611,19795,3854,5639,1442,0.434496972819786,0.36427375278335,0.0709225078669881,0.103770633591579,0.0265361329382971,"Varga Mihály","Szelényi Zsuzsanna","Bodor Zoltán","Dárdai Zsuzsanna Terézia","FIDESZ_egy",0.0245030271802139
"16","BUDAPEST",5,"Budapest VII.ker.",68940,1575,948,71463,42886,2296,45182,0.6322,45074,457,0.0101,44617,16983,17256,4661,5348,369,0.3806,0.3868,0.1045,0.1199,0.00827039021000964,16688,16806,4583,5078,1523,0.373517167285913,0.376158288195532,0.102578450243968,0.113657728636018,0.0340883656385693,"Rónaszékiné Keresztes Monika Mária","Dr. Oláh Lajos","Stummer János","Csiba Katalin Gyöngyvér","MSZP_egy",0.00708283271408744
"17","BUDAPEST",6,"Budapest VIII.ker.",72433,1278,566,74277,40651,1620,42271,0.5691,42204,434,0.0103,41770,15977,15437,5560,3474,1322,0.3825,0.3696,0.1331,0.0832,0.0316495092171415,15960,15004,5366,3867,1642,0.381462272042831,0.358612777552045,0.128253543344726,0.0924257271923325,0.0392456798680657,"Dr. Vas Imre","Pál Tibor Gyula","Dúró Dóra","Jakabfy Tamás","FIDESZ_egy",0.00103772795716917
"18","BUDAPEST",7,"Budapest XIII.ker.",78655,1332,916,80903,52258,2027,54285,0.671,54170,484,0.0089,53686,16453,27514,4640,3821,1258,0.3065,0.5125,0.0864,0.0712,0.0234325522482584,16806,24538,5243,5261,1851,0.312966721912885,0.456954505670497,0.0976368275014432,0.0979720292742882,0.0344699156408872,"Dr. Szalay Péter","Hiszékeny Dezsõ","Benke László","Moldován László","MSZP_egy",-0.00646672191288478
"19","BUDAPEST",8,"Budapest XIV.ker.",77648,1239,654,79541,53652,1699,55351,0.6959,54985,582,0.0106,54403,19772,21697,5924,4961,2049,0.3634,0.3988,0.1089,0.0912,0.0376633641527122,19966,21283,5848,5329,1994,0.36688717383315,0.391087835354649,0.107460492466005,0.0979235575156193,0.036640940830577,"Dr. Papcsák Ferenc","Tóth Csaba János","Kovács Béla","Barta János","MSZP_egy",-0.00348717383314956
"20","BUDAPEST",9,"Budapest X.ker.",78238,1001,372,79611,49509,1226,50735,0.6373,50670,420,0.0083,50250,18851,19501,6975,3356,1567,0.3751,0.3881,0.1388,0.0668,0.03118407960199,17746,19175,7510,3731,2143,0.352768114501541,0.381174833515555,0.149289335056157,0.074167577775569,0.0426001391511778,"Dr. György István","Burány Sándor","Tubák István","Tóth Balázs","MSZP_egy",0.0223318854984594
"21","BUDAPEST",10,"Budapest III.ker.",72888,875,480,74243,50728,1217,51945,0.6997,51872,526,0.0101,51346,18394,19633,6815,4593,1911,0.3582,0.3824,0.1327,0.0895,0.0372180890429634,18604,19696,6521,4539,2118,0.361397101674502,0.382610047010373,0.1266754730176,0.0881735887175104,0.0411437895800148,"Keszegné Menczer Erzsébet Livia","Kiss László","Zsiga-Kárpát Dániel Gábor","Száraz Dorottya","MSZP_egy",-0.00319710167450171
"22","BUDAPEST",11,"Budapest IV.ker.",76701,841,381,77923,50858,1092,51950,0.6667,51912,379,0.0073,51533,18181,20956,6529,3935,1932,0.3528,0.4067,0.1267,0.0764,0.037490540042303,17676,20277,6895,4474,2285,0.342511674772802,0.392911814288759,0.133605906175519,0.0866936655880016,0.0442769391749181,"Dr. Hollósi Antal Gábor","Kiss Péter","Pajor Tibor","Rákosi Judit","MSZP_egy",0.0102883252271979
"23","BUDAPEST",12,"Budapest XV.ker.",76338,740,286,77364,49939,918,50857,0.6574,50804,586,0.0115,50218,18955,18678,7488,3306,1791,0.3775,0.3719,0.1491,0.0658,0.0356645027679318,18468,18409,7673,3669,2115,0.366909047562284,0.36573687765725,0.152441689514046,0.072893074263917,0.0420193110025033,"László Tamás","Móricz Eszter","Dr. Gyenes Géza József","Szilvágyi László","FIDESZ_egy",0.0105909524377161
"24","BUDAPEST",13,"Budapest XVI.ker.",68728,648,500,69876,50978,1061,52039,0.7447,51975,401,0.0077,51574,21445,19682,5850,3201,1396,0.4158,0.3816,0.1134,0.0621,0.0270679024314577,20908,18287,6112,4444,1829,0.405350911205894,0.354536642109345,0.118495540907328,0.0861574253586661,0.035459480418767,"Szatmáry Kristóf","Karácsony Gergely Szilveszter","Kredits Krisztina","Mizsei László","FIDESZ_egy",0.0104490887941062
"25","BUDAPEST",14,"Budapest XVII.ker.",75277,687,357,76321,51560,921,52481,0.6876,52444,374,0.0071,52070,22393,17084,7427,3395,1771,0.4301,0.3281,0.1426,0.0652,0.0340119070482043,20715,17307,7977,3889,2231,0.397455822252921,0.332067000518045,0.15305358890232,0.0746177017978089,0.042805886528905,"Dunai Mónika","Lukoczki Károly","Szilágyi György","Dr. Schmuck Erzsébet","FIDESZ_egy",0.0326441777470788
"26","BUDAPEST",15,"Budapest XVIII.ker.",79419,708,390,80517,54366,986,55352,0.6875,55315,394,0.0071,54921,20648,20592,8493,3448,1740,0.376,0.3749,0.1546,0.0628,0.0316818703228273,20306,19586,8842,3983,2200,0.369757998434,0.35664730411348,0.161006609975053,0.0725276326092103,0.0400604548682557,"Kucsák László","Kunhalmi Ágnes","Makai Tibor","Kassai Dániel","FIDESZ_egy",0.00624200156599958
"27","BUDAPEST",16,"Budapest XX.ker.",72845,704,300,73849,47772,898,48670,0.659,48621,384,0.0079,48237,17523,18507,7407,2939,1861,0.3633,0.3837,0.1536,0.0609,0.0385803428903124,17786,17320,7540,3608,1949,0.36898118374375,0.359313735659606,0.156421799473062,0.0748501130635023,0.0404331680600792,"Földesi Gyula","Dr. Hiller István","Tokody Marcell Gergely","Ferenczi István","MSZP_egy",-0.00568118374375037
"28","BUDAPEST",17,"Budapest XXI.ker.",78159,747,303,79209,50591,914,51505,0.6502,51472,435,0.0085,51037,18120,18564,9076,3076,2201,0.355,0.3637,0.1778,0.0603,0.043125575562827,17758,18407,9238,3439,2216,0.347800540561714,0.360511575071487,0.180931489678405,0.0673547730032512,0.0434016216851424,"Németh Szilárd István","Dr. Szabó Szabolcs","Léhmann Viktor","Tenk András","MSZP_egy",0.00719945943828587
"29","BUDAPEST",18,"Budapest XXII.ker.",76926,899,537,78362,54946,1296,56242,0.7177,56175,490,0.0087,55685,23189,20523,6784,3601,1588,0.4164,0.3686,0.1218,0.0647,0.0285175540989494,22958,19504,6682,4491,2115,0.41180269058296,0.349847533632287,0.119856502242152,0.0805560538116592,0.0379372197309417,"Szabolcs Attila","Somfai Ágnes","Dr. Staudt Gábor","Gecsei-Tóth Andrea","FIDESZ_egy",0.00459730941704034
"30","BÁCS–KISKUN",1,"Kecskemét",70266,760,167,71193,39727,820,40547,0.5695,40512,469,0.0116,40043,20558,7899,8204,2134,1248,0.5134,0.1973,0.2049,0.0533,0.031166496016782,20731,7768,8080,2088,1489,0.516261579838629,0.193445562307003,0.201215260484112,0.0519972108775775,0.0370803864926786,"Dr. Salacz László","Király József","Gyöngyösi Márton Balázs","Kriskó Dávid Gábor","FIDESZ_egy",-0.00286157983862934
"31","BÁCS–KISKUN",2,"Kecskemét",71758,844,242,72844,42711,953,43664,0.5994,43639,477,0.0109,43162,22303,9446,7548,2295,1570,0.5167,0.2188,0.1749,0.0532,0.0363745887586303,21289,9521,8142,2658,1698,0.491571995936086,0.219843908746652,0.188002216680521,0.0613743419229704,0.0392075367137711,"Dr. Zombor Gábor Zoltán","Laskovics Diána","Oberna Zoltán","Falusi Norbert","FIDESZ_egy",0.0251280040639144
"32","BÁCS–KISKUN",3,"Kalocsa",68522,966,116,69604,40493,948,41441,0.5954,41402,426,0.0103,40976,20833,8321,9397,1457,968,0.5084,0.2031,0.2293,0.0356,0.0236235845372901,20391,8494,9140,1638,1273,0.49811901504788,0.20749462575728,0.22327535665429,0.0400136798905609,0.0310973226499902,"Font Sándor","Niedermüller Péter","Suhajda Krisztián","Makádi Balázs","FIDESZ_egy",0.0102809849521203
"33","BÁCS–KISKUN",4,"Kiskunfélegyháza",73311,671,135,74117,40435,709,41144,0.5551,41134,575,0.014,40559,21634,7452,8666,1387,1420,0.5334,0.1837,0.2137,0.0342,0.035010725116497,21746,6695,9127,1626,1509,0.534260373928212,0.164484190354519,0.224234085939611,0.0399479153870722,0.0370734343905855,"Lezsák Sándor István","Dr. Garai István Levente","Kollár László","Kiss Kálmán Tibor","FIDESZ_egy",-0.0008603739282117
"34","BÁCS–KISKUN",5,"Kiskunhalas",72120,840,155,73115,39023,892,39915,0.5459,39882,416,0.0104,39466,20228,7297,9659,913,1369,0.5125,0.1849,0.2447,0.0231,0.0346880859473978,19409,7710,9669,1292,1303,0.492826854226443,0.195769748368585,0.245512022954066,0.0328060330599497,0.0330853413909555,"Bányai Gábor Elemér","Török Zsolt Bernát","Farkas Gergely","Lapos Péter","FIDESZ_egy",0.0196731457735571
"35","BÁCS–KISKUN",6,"Baja",68157,989,173,69319,38283,1024,39307,0.567,39262,424,0.0108,38838,19286,9954,6792,1835,971,0.4966,0.2563,0.1749,0.0472,0.0250012873989392,18783,9150,7283,1799,1252,0.490840672119581,0.239109415423211,0.190320641806256,0.0470117856116236,0.0327174850393289,"Zsigó Róbert Vilmos","Teket Melinda","Mészáros István","Ikotity István","FIDESZ_egy",0.00575932788041916
"36","BÉKÉS",1,"Békéscsaba",72396,1324,195,73915,43817,1360,45177,0.6112,45114,438,0.0097,44676,18364,12161,9273,2678,2200,0.411,0.2722,0.2076,0.0599,0.049243441668905,18149,11924,9634,2685,2256,0.406490772263035,0.267066833900735,0.215776742519262,0.0601370722092815,0.0505285791076868,"Vantara Gyula","Miklós Attila Zsolt","Dr. Dévényi-Dabrowsky Géza Dániel","Takács Péter","FIDESZ_egy",0.00450922773696466
"37","BÉKÉS",2,"Békés",73825,1072,136,75033,41183,1063,42246,0.563,42226,507,0.012,41719,19942,7925,10958,1576,1318,0.478,0.19,0.2627,0.0378,0.0315923200460222,19385,8121,10853,1602,1652,0.465840001922476,0.195155360103814,0.260807920601735,0.0384975848893375,0.0396991324826376,"Dankó Béla","Rejtõ József","Samu Tamás Gergõ","Rigler Miklós","FIDESZ_egy",0.0121599980775238
"38","BÉKÉS",3,"Gyula",71564,1221,133,72918,40521,1192,41713,0.5721,41668,425,0.0102,41243,19315,9378,7579,1101,3870,0.4683,0.2274,0.1838,0.0267,0.0938341051814853,18814,9647,8681,1446,2532,0.457538910505837,0.234606031128405,0.211113813229572,0.0351653696498054,0.0615758754863813,"Dr. Kovács József Dezsõ","Bod Tamás","Varga Géza István","Földi Mihály István","FIDESZ_egy",0.0107610894941634
"39","BÉKÉS",4,"Orosháza",77283,1111,142,78536,45424,1123,46547,0.5927,46516,711,0.0153,45805,20789,10738,10403,1487,2388,0.4539,0.2344,0.2271,0.0325,0.0521340465014736,20140,10674,11093,1580,2225,0.440584529226461,0.233505425271264,0.242671508575429,0.0345642282114106,0.0486743087154358,"Simonka György","Varga Zoltán","Jámbor Nándor","Nagy Gábor","FIDESZ_egy",0.0133154707735387
"40","CSONGRÁD",1,"Szeged",83753,1152,452,85357,50196,1443,51639,0.605,51569,520,0.0101,51049,17346,20131,7463,3956,2153,0.3398,0.3943,0.1462,0.0775,0.042175165037513,17283,19072,8057,4352,2334,0.338232416141532,0.373243571176954,0.157677404203687,0.0851696739598419,0.045676934517985,"Dr. Bohács Zsolt József","Szabó Sándor","Rácz Tibor","Tanács Eszter","MSZP_egy",0.00156758385846806
"41","CSONGRÁD",2,"Szeged",85739,1089,455,87283,52242,1374,53616,0.6143,53579,735,0.0137,52844,23171,16952,8160,3475,1086,0.4385,0.3208,0.1544,0.0658,0.0205510559382333,22985,15406,8372,4169,1980,0.434400514061083,0.291162685213184,0.158224977320835,0.0787912004838222,0.0374206229210765,"B Nagy László","Némethné Bátyai Edina Beáta","Tóth Péter","Tatár Gábor","FIDESZ_egy",0.00409948593891746
"42","CSONGRÁD",3,"Szentes",83913,977,174,85064,47520,1018,48538,0.5706,48511,666,0.0137,47845,21911,10201,11610,1794,2329,0.458,0.2132,0.2427,0.0375,0.0486780227818999,22215,9579,11992,2143,2094,0.462590841888262,0.199466922099827,0.249713678862212,0.0446244507839993,0.0436041063656998,"Farkas Sándor","Dr. Komáromi Zoltán Pál","Dudás Zoltán Sándor","Gurdon Lajos","FIDESZ_egy",-0.00459084188826187
"43","CSONGRÁD",4,"Hódmezõvásárhely",81483,778,154,82415,47595,829,48424,0.5876,48389,673,0.0139,47716,20792,9323,11824,3312,2465,0.4357,0.1954,0.2478,0.0694,0.0516598206052477,20823,10034,11969,2692,2286,0.435591163919337,0.209898753242407,0.25037653752824,0.0563132792234959,0.04782026608652,"Dr. Lázár János","Varga Péter","Dr. Kiss Attila","Nagy-Bandó András","FIDESZ_egy",0.0001088360806627
"44","FEJÉR",1,"Székesfehérvár",64091,950,290,65331,43625,1122,44747,0.6849,44707,382,0.0085,44325,19602,13407,7450,2725,1141,0.4422,0.3025,0.1681,0.0615,0.0257416807670615,19170,12894,7493,3055,1673,0.432877949644349,0.291159534831207,0.169199503217794,0.0689849836287682,0.0377780286778819,"Vargha Tamás János","Dr. Márton Roland","Dr. Mezõ Balázs Béla","Bialkó László Gergõ","FIDESZ_egy",0.00932205035565087
"45","FEJÉR",2,"Székesfehérvár",70089,751,144,70984,43951,797,44748,0.6304,44695,503,0.0113,44192,22177,8415,9668,1944,1988,0.5018,0.1904,0.2188,0.044,0.0449855177407676,22333,8374,9627,2151,1610,0.506474656990588,0.189908152851797,0.218324073024152,0.0487810409343463,0.0365120761991155,"Törõ Gábor","Herczog Edit","Fazakas Attila Levente","Kalmár András","FIDESZ_egy",-0.00467465699058844
"46","FEJÉR",3,"Bicske",70475,914,224,71613,44456,1009,45465,0.6349,45454,695,0.0153,44759,22571,9534,8021,2677,1956,0.5043,0.213,0.1792,0.0598,0.0437007082374495,22748,9812,7972,2401,1758,0.509006287619431,0.219552035085364,0.178380434539393,0.0537244635385201,0.0393367792172921,"Tessely Zoltán Károly","Horváth András Tibor","Gáspár Kornél Dániel","Varga György","FIDESZ_egy",-0.00470628761943126
"47","FEJÉR",4,"Dunaújváros",68921,863,181,69965,41200,865,42065,0.6012,42099,779,0.0185,41320,14826,12128,10422,1811,2133,0.3588,0.2935,0.2522,0.0438,0.051621490803485,15120,12189,10160,2015,1879,0.36554408529362,0.294683654473805,0.245630152551797,0.0487150351763653,0.0454270725044122,"Dr. Galambos Dénes","Magyar András Tamás","Pintér Tamás","Illéssy István","FIDESZ_egy",-0.00674408529361992
"48","FEJÉR",5,"Sárbogárd",68670,660,79,69409,36768,648,37416,0.5391,37388,490,0.0131,36898,17576,5781,10926,942,1673,0.4763,0.1567,0.2961,0.0255,0.0453412109057401,17954,5994,10866,1035,1175,0.484928694900605,0.161894987035436,0.293485306828003,0.0279548401037165,0.0317361711322385,"Varga Gábor","Ecsõdi László József","Árgyelán János","Szatmári Ildikó","FIDESZ_egy",-0.00862869490060503
"49","GYÕR–MOSON–SOPRON",1,"Gyõr",67871,921,268,69060,43499,1045,44544,0.645,44500,284,0.0064,44216,21560,12893,6364,2468,931,0.4876,0.2916,0.1439,0.0558,0.0210557264338701,20946,11901,6820,3039,1512,0.473698493826044,0.269143787597811,0.154235831561807,0.0687276674657379,0.0341942195486001,"Simon Róbert Balázs","Fábián György Zoltán","Fodor Roland Alexander","Madarász Zsuzsanna","FIDESZ_egy",0.0139015061739563
"50","GYÕR–MOSON–SOPRON",2,"Gyõr",71556,798,182,72536,44072,882,44954,0.6197,44907,393,0.0088,44514,24593,9278,7714,2089,840,0.5525,0.2084,0.1733,0.0469,0.0188704677180213,23497,9148,8059,2419,1450,0.527157696363269,0.205236353846499,0.180804522917461,0.0542705225136293,0.0325309043591412,"Kara Ákos","Glázer Tímea","Takács Krisztián","Jenei Ferenc","FIDESZ_egy",0.0253423036367307
"51","GYÕR–MOSON–SOPRON",3,"Csorna",67208,644,91,67943,41776,649,42425,0.6244,42403,420,0.0099,41983,24707,7005,8478,1268,525,0.5885,0.1669,0.2019,0.0302,0.0125050615725413,24786,6806,8149,1412,930,0.588978922605328,0.161728013687237,0.193641137751586,0.03355274101181,0.0220991849440392,"Gyopáros Alpár Ádám","Kránitz László","Magyar Zoltán","Szakács Gyula","FIDESZ_egy",-0.000478922605327559
"52","GYÕR–MOSON–SOPRON",4,"Sopron",74344,1028,165,75537,48275,1057,49332,0.6531,49317,484,0.0098,48833,24698,11601,8178,3097,1259,0.5058,0.2376,0.1675,0.0634,0.0257817459504843,24574,11280,8324,3035,1569,0.503751383707105,0.231232831782215,0.170636710261982,0.0622155713172892,0.0321635029314091,"Firtl Mátyás Sándor","Kalmár István","Gõbl Gábor","Bebesi József Lajos","FIDESZ_egy",0.00204861629289499
"53","GYÕR–MOSON–SOPRON",5,"Mosonmagyaróvár",74086,629,120,74835,44359,661,45020,0.6016,45003,418,0.0093,44585,22460,9823,8396,2177,1729,0.5038,0.2203,0.1883,0.0488,0.0387798586968711,21875,9973,8545,2433,1680,0.491506763133061,0.224082146227475,0.191996584730149,0.0546667865006965,0.0377477194086191,"Dr. Nagy István","Lehóczki Attila","Lipovits Máté","Goda Bálint Zsolt","FIDESZ_egy",0.0122932368669393
"54","HAJDÚ–BIHAR",1,"Debrecen",69925,1213,311,71449,43766,1315,45081,0.631,45028,373,0.0083,44655,21013,12012,7805,2418,1407,0.4706,0.269,0.1748,0.0541,0.0315082297615049,20041,11299,8484,3070,1862,0.447783537402806,0.252457771025114,0.189561176155152,0.0685941549736348,0.0416033604432925,"Kósa Lajos","Dr. Szegedi István","Herpergel Róbert","Horváth András","FIDESZ_egy",0.0228164625971937
"55","HAJDÚ–BIHAR",2,"Debrecen",73601,1139,249,74989,42900,1209,44109,0.5882,44044,352,0.008,43692,19847,10501,9651,2363,1330,0.4542,0.2403,0.2209,0.0541,0.0304403552137691,19268,10256,9811,2551,1857,0.440481905676337,0.234460370802185,0.224287314541755,0.0583179022929383,0.0424525066867842,"Dr. Pósán László","Dr. Rónai György","Kõszeghy Csanád Ábel","Görög Jenõ","FIDESZ_egy",0.0137180943236632
"56","HAJDÚ–BIHAR",3,"Debrecen",75640,736,125,76501,41675,731,42406,0.5543,42388,526,0.0124,41862,21619,7288,10441,1300,1214,0.5164,0.1741,0.2494,0.0311,0.029000047776026,20948,7091,11026,1491,1335,0.500059678689933,0.169272636127092,0.263206894082261,0.0355923706762789,0.0318684204244348,"Tasó László","Pallás György","Ágoston Tibor","Kádi István Lajos","FIDESZ_egy",0.0163403213100666
"57","HAJDÚ–BIHAR",4,"Berettyóújfalu",68828,852,87,69767,37399,840,38239,0.5481,38222,495,0.013,37727,17799,6985,10873,1028,1042,0.4718,0.1851,0.2882,0.0272,0.0276194767673019,17576,6998,10776,1003,1115,0.469093626561332,0.18677271271485,0.287605423294545,0.0267695099818512,0.0297587274474218,"Dr. Vitányi István József","Varju László","Dr. Ulics Erika","Dr. Majoros Imre","FIDESZ_egy",0.00270637343866764
"58","HAJDÚ–BIHAR",5,"Hajdúszoboszló",71241,992,103,72336,39544,905,40449,0.5592,40443,730,0.0181,39713,17657,7317,11070,1126,2543,0.4446,0.1842,0.2788,0.0284,0.0640344471583612,17601,7708,11695,1337,1566,0.441050442278297,0.19314907159145,0.293056356027765,0.0335028942290826,0.0392412358734057,"Bodó Sándor","Bangóné Borbély Ildikó","Rigán István","Kreith Anita Márta","FIDESZ_egy",0.00354955772170296
"59","HAJDÚ–BIHAR",6,"Hajdúböszörmény",71410,765,84,72259,39693,739,40432,0.5595,40375,539,0.0133,39836,18982,7174,10828,1136,1716,0.4765,0.1801,0.2718,0.0285,0.0430766141178833,18713,6770,11195,1406,1607,0.471467083217858,0.170567634980222,0.282053866115744,0.035423647678315,0.0404877680078607,"Dr. Tiba István Csaba","Kathiné Juhász Ildikó","Kulcsár Gergely","Weiser Írisz Vica","FIDESZ_egy",0.00503291678214202
"60","HEVES",1,"Eger",83276,1498,231,85005,53388,1511,54899,0.6458,54861,550,0.01,54311,21151,13781,15410,2528,1441,0.3894,0.2537,0.2837,0.0465,0.0265323783395629,21684,13531,14769,2506,1809,0.399344370982891,0.249194276137682,0.271993959373101,0.0461518628335697,0.0333155306727564,"Dr. Nyitrai Zsolt Péter","Dr. Szalóczi Géza György","Mirkóczki Ádám","Dr. Csarnó Ákos","FIDESZ_egy",-0.00994437098289103
"61","HEVES",2,"Gyöngyös",80602,1169,193,81964,53002,1189,54191,0.6612,54155,602,0.0111,53553,19798,11874,19159,1360,1362,0.3697,0.2217,0.3578,0.0254,0.0254327488656098,20670,12566,17271,1547,1443,0.386376806176047,0.234891676168757,0.322840533114006,0.0289175093930501,0.0269734751481391,"Horváth László Dezsõ","Dr. Sós Tamás","Vona Gábor","Dr. Lukács Zoltán","FIDESZ_egy",-0.0166768061760473
"62","HEVES",3,"Hatvan",82216,995,124,83335,48952,995,49947,0.5994,49932,627,0.0126,49305,20304,10797,15268,1114,1822,0.4118,0.219,0.3097,0.0226,0.0369536558158402,19360,11410,15839,1326,1393,0.392474862147259,0.231308790139475,0.321095523840415,0.0268812844631852,0.0282395394096659,"Szabó Zsolt","Korózs Lajos","Sneider Tamás","Tóth Norbert","FIDESZ_egy",0.0193251378527408
"63","JÁSZ–NAGYKUN–SZOLNOK",1,"Szolnok",81354,1181,232,82767,50638,1239,51877,0.6268,51857,522,0.0101,51335,19146,14574,13157,2303,2155,0.373,0.2839,0.2563,0.0449,0.0419791565208922,18539,14633,13574,2454,2166,0.360919674492855,0.284877156095472,0.264260405715843,0.0477747926644084,0.0421679710314216,"Dr. Bene Ildikó","Iváncsik Imre","Baráth Zsolt György","Dr. Petõ Ernõ Zoltán","FIDESZ_egy",0.0120803255071448
"64","JÁSZ–NAGYKUN–SZOLNOK",2,"Jászberény",73977,858,92,74927,42189,850,43039,0.5744,43011,492,0.0114,42519,18200,8594,12783,1027,1915,0.428,0.2021,0.3006,0.0242,0.0450386885862791,18747,8462,12515,1309,1436,0.441427865030964,0.199251218535873,0.294685535331654,0.0308224822811933,0.033812898820316,"Pócs János","Dr. Szekeres Imre Jenõ","Budai Lóránt","Ménkû Ottó","FIDESZ_egy",-0.0134278650309638
"65","JÁSZ–NAGYKUN–SZOLNOK",3,"Karcag",79165,1344,124,80633,44147,1329,45476,0.564,45426,611,0.0135,44815,23201,7719,11511,948,1436,0.5177,0.1722,0.2569,0.0212,0.0320428427981703,22283,7796,11999,1197,1489,0.497788401393977,0.174157805379323,0.268050218925923,0.0267402376910017,0.0332633366097757,"Dr. Fazekas Sándor","Ozsváth László","Dr. Lukács László György","Péntek Ildikó","FIDESZ_egy",0.0199115986060228
"66","JÁSZ–NAGYKUN–SZOLNOK",4,"Törökszentmiklós",78448,1049,116,79613,43458,1026,44484,0.5588,44458,574,0.0129,43884,18524,9386,13436,1128,1410,0.4221,0.2139,0.3062,0.0257,0.0321301613344271,17831,9396,13567,1331,1631,0.407509827223695,0.214736264740836,0.310060334582686,0.0304186854374257,0.0372748880153579,"Boldog István","Rózsa Endre","Csányi Tamás","Sallai Róbert Benedek","FIDESZ_egy",0.0145901727763049
"67","KOMÁROM–ESZTERGOM",1,"Tatabánya",81569,829,231,82629,49469,950,50419,0.6102,50390,414,0.0082,49976,21434,15954,7868,2473,2247,0.4289,0.3192,0.1574,0.0495,0.0449615815591484,19116,16447,8953,3104,2368,0.382411778826918,0.329018964551492,0.179102984716332,0.0620949027766664,0.0473713691285909,"Bencsik János","Lukács Zoltán Géza","Vágó Sebestyén","Gutai Zsolt","FIDESZ_egy",0.0464882211730815
"68","KOMÁROM–ESZTERGOM",2,"Esztergom",82673,886,197,83756,50622,953,51575,0.6158,51544,423,0.0082,51121,23475,13896,10141,2213,1396,0.4592,0.2718,0.1984,0.0433,0.0273077600203439,22018,13463,10856,2697,1748,0.433578827143476,0.265113622937261,0.213776534992714,0.0531093694616203,0.0344216454649285,"Dr. Völner Pál","Dr. Vadai Ágnes","Nunkovics Tibor","Prommer Mátyás Jenõ","FIDESZ_egy",0.025621172856524
"69","KOMÁROM–ESZTERGOM",3,"Komárom",83789,848,162,84799,49354,910,50264,0.5927,50239,479,0.0095,49760,23391,12430,9909,2231,1799,0.4701,0.2498,0.1991,0.0448,0.036153536977492,22575,12529,10290,2450,1829,0.454472248505224,0.252229581462766,0.207154792341916,0.0493225696052181,0.0368208080848751,"Czunyiné Dr. Bertalan Judit","Székely Antal","Szabó Mihály","Szabados Sándor","FIDESZ_egy",0.0156277514947759
"70","NÓGRÁD",1,"Salgótarján",81224,1196,138,82558,48659,1188,49847,0.6038,49805,899,0.0181,48906,18410,13140,11499,1286,4571,0.3764,0.2687,0.2351,0.0263,0.0934650145176461,18841,14073,12360,1447,2429,0.383336724313327,0.286327568667345,0.25147507629705,0.029440488301119,0.0494201424211597,"Becsó Zsolt","Boldvai László Róbert","Kutas József","Komlósi Csaba","FIDESZ_egy",-0.00693672431332654
"71","NÓGRÁD",2,"Balassagyarmat",81619,1215,125,82959,49992,1196,51188,0.617,51157,837,0.0164,50320,24564,10358,11256,1542,2600,0.4882,0.2058,0.2237,0.0306,0.0516693163751987,23922,10308,11905,1646,1937,0.481153706906955,0.207329337463293,0.239450500824651,0.0331067219115813,0.0389597328935194,"Balla Mihály Tibor","Borenszki Ervin","Kiss László","Zagyvai Sándor","FIDESZ_egy",0.00704629309304478
"72","PEST",1,"Érd",78182,820,386,79388,51267,1053,52320,0.659,52266,441,0.0084,51825,22271,16386,8295,2923,1950,0.4297,0.3162,0.1601,0.0564,0.0376266280752533,22199,15818,8323,3308,2072,0.429215003866976,0.30583913379737,0.160924207269915,0.0639597834493426,0.040061871616396,"Dr. Aradszki András","Dr. Dorosz Dávid","Pulai Edina","Varga Illés Levente","FIDESZ_egy",0.000484996133023996
"73","PEST",2,"Budakeszi",84816,1007,714,86537,60001,1536,61537,0.7111,61429,565,0.0092,60864,28327,16290,6827,6607,2813,0.4654,0.2676,0.1122,0.1086,0.0462177970557308,27944,17060,7045,5854,1990,0.466565374918605,0.284841300318902,0.117626433806956,0.0977409713989949,0.0332259195565425,"Csenger-Zalán Zsolt","Dr. Szabóné Müller Timea Nóra","Császárné Kollár Tímea Annamária","Dr. Szél Bernadett","FIDESZ_egy",-0.00116537491860486
"74","PEST",3,"Szentendre",83577,1001,542,85120,57073,1377,58450,0.6867,58393,517,0.0089,57876,27364,15434,8167,4184,2727,0.4728,0.2667,0.1411,0.0723,0.0471179763632594,27470,15125,7881,4737,2171,0.478704865467726,0.263575212602816,0.137337933918862,0.0825491426181514,0.0378328453924439,"Hadházy Sándor","Szinna Gábor","Murányi Levente","Kardos-Horváth János","FIDESZ_egy",-0.00590486546772617
"75","PEST",4,"Vác",72860,922,245,74027,46936,1040,47976,0.6481,47952,511,0.0107,47441,22193,11767,9493,1991,1997,0.4678,0.248,0.2001,0.042,0.0420943909276786,22316,11140,9690,2418,1798,0.471179426544487,0.235209661754149,0.2045944005743,0.0510535872640513,0.0379629238630125,"Harrach Péter Pál","Kiss Zsolt János","Fehér Zsolt","Dengelegi Klára Zsuzsanna","FIDESZ_egy",-0.00337942654448714
"76","PEST",5,"Dunakeszi",87339,959,404,88702,58219,1191,59410,0.6698,59356,450,0.0076,58906,24344,18166,9641,4515,2240,0.4133,0.3084,0.1637,0.0766,0.0380266865854073,24255,17910,9373,4719,2610,0.412030509453514,0.304245162824673,0.159223333956206,0.0801637589821122,0.044337234783495,"Dr. Tuzson Bence Balázs","Szabó Imre","Nyiri Márton","Juhász Péter","FIDESZ_egy",0.00126949054648617
"77","PEST",6,"Gödöllõ",84426,887,336,85649,54882,1080,55962,0.6534,55915,588,0.0105,55327,23745,14027,10588,3544,3423,0.4292,0.2535,0.1914,0.0641,0.061868527120574,24788,14013,10332,3724,2473,0.448002891740466,0.253262244713537,0.18673414061088,0.0673052593529731,0.0446954635821435,"Vécsey László József","Kovács Barnabás","Bertha Szilvia Zsuzsanna","Lengyel Szilvia","FIDESZ_egy",-0.0188028917404663
"78","PEST",7,"Vecsés",83575,673,307,84555,51198,857,52055,0.6156,51987,517,0.0099,51470,22109,14971,10098,2296,1996,0.4296,0.2909,0.1962,0.0446,0.0387798717699631,21887,14215,10227,2794,2236,0.426157051344458,0.276777195817676,0.199127708872836,0.0544013707431998,0.0435366732218306,"Dr. Szûcs Lajos","Szabó Rebeka Katalin","Sas Zoltán","Pintér Sándor","FIDESZ_egy",0.00344294865554234
"79","PEST",8,"Szigetszentmiklós",83462,946,273,84681,51503,1063,52566,0.6208,52542,517,0.0098,52025,20946,17134,9578,2605,1762,0.4026,0.3293,0.1841,0.0501,0.0338683325324363,20512,15891,10012,3153,2304,0.395434916718075,0.306350246761258,0.193013571869217,0.0607842381246144,0.0444170265268353,"Bóna Zoltán","Kuncze Gábor","Lupa János","Jaksa-Ladányi Emma Zsuzsánna","FIDESZ_egy",0.00716508328192478
"80","PEST",9,"Nagykáta",74247,839,112,75198,40842,824,41666,0.5541,41646,603,0.0145,41043,20595,8047,10198,1183,1020,0.5018,0.1961,0.2485,0.0288,0.0248519845040567,20174,8216,10254,1259,1332,0.489244573784406,0.199248211470838,0.248672244452528,0.0305323147811325,0.0323026555110949,"Czerván György","Dr. Baja Ferenc","Csanádi Gábor Ferenc","Mikus Csaba","FIDESZ_egy",0.0125554262155936
"81","PEST",10,"Monor",75187,772,139,76098,41744,791,42535,0.559,42515,492,0.0116,42023,19475,9046,10648,1515,1339,0.4634,0.2153,0.2534,0.0361,0.0318635033196107,19140,9172,10537,1638,1451,0.456388001335304,0.218703800848872,0.251251847966045,0.0390576565406076,0.0345986933091707,"Pogácsás Tibor János","Braun Róbert","Dr. Kereszturi Imre","Török László","FIDESZ_egy",0.00701199866469548
"82","PEST",11,"Dabas",82205,779,209,83193,48169,847,49016,0.5892,48982,430,0.0088,48552,23486,11379,10003,2181,1503,0.4837,0.2344,0.206,0.0449,0.0309565002471577,23192,11070,9863,2306,1734,0.481511470985155,0.22983494238555,0.204775251738815,0.0478770891726357,0.0360012457178449,"Pánczél Károly","Dr. Bakó Krisztina Katalin","Zábrácki László","Zagyva Gabriella","FIDESZ_egy",0.00218852901484484
"83","PEST",12,"Cegléd",75208,694,132,76034,42412,710,43122,0.5671,43104,584,0.0135,42520,18732,8828,12285,1359,1316,0.4405,0.2076,0.2889,0.032,0.0309501411100659,19610,8473,11803,1456,1279,0.4601018277375,0.198798714248844,0.276929213298609,0.0341615635484855,0.0300086811665611,"Földi László","Romhányiné Dr. Balogh Edit","Volner János","Földi Áron","FIDESZ_egy",-0.0196018277375003
"84","SOMOGY",1,"Kaposvár",64258,1165,137,65560,40184,1135,41319,0.6302,41268,402,0.0097,40866,16524,11623,8931,2058,1730,0.4043,0.2844,0.2185,0.0504,0.0423334801546518,16538,11402,9320,2218,1493,0.403651363159308,0.278294403358473,0.227477972224256,0.0541358521881331,0.0364404090698299,"Gelencsér Attila","Dr. Kolber István","Miháldinecz Gábor","Felder Frigyes","FIDESZ_egy",0.000648636840692163
"85","SOMOGY",2,"Barcs",62931,895,89,63915,33790,901,34691,0.5428,34675,449,0.0129,34226,15907,7592,8227,764,1736,0.4648,0.2218,0.2404,0.0223,0.0507216735814878,15623,7569,8647,929,1235,0.459459459459459,0.222598006058289,0.254301091080199,0.0273211187248184,0.0363203246772344,"Szászfalvi László","Csendesné Murányi Ibolya Julianna","Ander Balázs","Kutas Viktor Csaba","FIDESZ_egy",0.00534054054054051
"86","SOMOGY",3,"Marcali",64134,1344,140,65618,36203,1335,37538,0.5721,37505,423,0.0113,37082,17616,8497,8503,1194,1272,0.4751,0.2291,0.2293,0.0322,0.0343023569386764,17559,8493,8682,1320,1159,0.471851234783543,0.228226694972187,0.233305565259452,0.0354714750221697,0.0311450299626475,"Móring József Attila","Harján Dávid","Mátyás Balázs Máté","Filák Péter","FIDESZ_egy",0.00324876521645662
"87","SOMOGY",4,"Siófok",64824,1601,145,66570,38592,1580,40172,0.6035,40144,382,0.0095,39762,18591,9926,7838,1556,1851,0.4676,0.2496,0.1971,0.0391,0.0465519843066244,18535,9821,8322,1718,1296,0.466970674191273,0.247430212637307,0.209664416003225,0.0432832812657462,0.0326514159024489,"Witzmann Mihály","Harangozó Gábor István","Berkes Gábor","Gál Ferenc","FIDESZ_egy",0.00062932580872721
"88","SZABOLCS–SZATMÁR–BEREG",1,"Nyíregyháza",73742,1591,290,75623,47667,1654,49321,0.6522,49268,396,0.008,48872,17484,15781,11138,1881,2588,0.3578,0.3229,0.2279,0.0385,0.0529546570633492,17474,15307,11362,2365,2359,0.35758282685657,0.31323797245585,0.232508645916467,0.0483966685084004,0.0482738862627131,"Petneházy Szabolcs Attila","Jeszenszki András","Balczó Zoltán György","Szabolcsi Beáta","FIDESZ_egy",0.000217173143430116
"89","SZABOLCS–SZATMÁR–BEREG",2,"Nyíregyháza",72560,995,106,73661,42200,958,43158,0.5859,43122,591,0.0137,42531,18322,9485,11755,957,2012,0.4308,0.223,0.2764,0.0225,0.0473066704286285,18324,9332,12060,1193,1423,0.432864027213456,0.220447888122461,0.284890862704337,0.0281819899839365,0.0336152319758103,"Dr. Vinnai Gyõzõ","Juhász Ferenc","Dr. Gyüre Csaba","Tóth Miklós","FIDESZ_egy",-0.0020640272134555
"90","SZABOLCS–SZATMÁR–BEREG",3,"Kisvárda",78715,1176,98,79989,45252,1119,46371,0.5797,46349,592,0.0128,45757,22257,8707,12276,785,1732,0.4864,0.1903,0.2683,0.0172,0.0378521319142426,21660,8743,12868,951,1474,0.474002100840336,0.191329656862745,0.281600140056022,0.0208114495798319,0.0322566526610644,"Dr. Seszták Miklós István","Dr. Legény Zsolt","Földi István","Dr. Balogh Emese Ilona","FIDESZ_egy",0.0123978991596639
"91","SZABOLCS–SZATMÁR–BEREG",4,"Vásárosnamény",71935,1211,96,73242,43275,1105,44380,0.6059,44353,691,0.0156,43662,23113,6930,11516,449,1654,0.5294,0.1587,0.2638,0.0103,0.0378819110439284,23859,7060,10607,591,1324,0.549227688128726,0.162519279022122,0.244170253907599,0.0136046591929283,0.0304781197486246,"Dr. Tilki Attila","Dr. Baka István","Adorján Béla","Bartha Olivér","FIDESZ_egy",-0.0198276881287264
"92","SZABOLCS–SZATMÁR–BEREG",5,"Mátészalka",74141,1099,99,75339,42464,1040,43504,0.5774,43448,651,0.015,42797,21721,7799,11632,494,1151,0.5075,0.1822,0.2718,0.0115,0.0268944084865762,22230,7758,10785,685,1081,0.522579280189943,0.182373821669527,0.253532052939655,0.0161028703072475,0.025411974893627,"Kovács Sándor","Halmi József","Dr. Apáti István","Tempfli József","FIDESZ_egy",-0.0150792801899434
"93","SZABOLCS–SZATMÁR–BEREG",6,"Nyírbátor",73464,927,93,74484,42054,902,42956,0.5767,42908,823,0.0192,42085,19768,8298,11852,587,1580,0.4697,0.1972,0.2816,0.0139,0.0375430676012831,20874,7673,11762,705,1147,0.495102108583762,0.181992836982045,0.278978202604303,0.0167216147624582,0.027205237067432,"Dr. Simon Miklós","Dr. Helmeczy László József","Dr. Kiss Sándor","Máté György Ákos","FIDESZ_egy",-0.0254021085837622
"94","TOLNA",1,"Szekszárd",63112,954,185,64251,37744,1026,38770,0.6034,38741,474,0.0122,38267,15997,9483,7532,4182,1073,0.418,0.2478,0.1968,0.1093,0.0280398254370607,17069,9626,7826,2514,1103,0.447558865173842,0.252399181918297,0.205202160574755,0.0659185064764801,0.0289212858566259,"Horváth István","Dr. Harangozó Tamás Attila","Ürmös M. Attila","Dr. Hadházy Ákos Ányos","FIDESZ_egy",-0.0295588651738424
"95","TOLNA",2,"Dombóvár",62860,754,145,63759,36580,814,37394,0.5865,37359,491,0.0131,36868,17547,8816,8606,1105,794,0.4759,0.2391,0.2334,0.03,0.0215362916350222,16951,8224,8648,1284,1075,0.468492620640097,0.227295340224421,0.239013874302139,0.0354872588579957,0.0297109059753469,"Potápi Árpád János","Tigelmann Péter","Monostori János","Dömötörné Solymár Orsika","FIDESZ_egy",0.00740737935990271
"96","TOLNA",3,"Paks",62881,794,115,63790,36320,798,37118,0.5819,37101,472,0.0127,36629,18286,7452,8288,1284,1319,0.4992,0.2034,0.2263,0.0351,0.0360097190750498,18339,7434,8245,1321,1157,0.50249342393687,0.203693555458132,0.22591516878562,0.0361957474791758,0.0317021043402017,"Hirt Ferenc","Heringes Anita","Bencze János","Harmat Gabriella","FIDESZ_egy",-0.00329342393686982
"97","VAS",1,"Szombathely",69686,1073,153,70912,45158,1097,46255,0.6523,46225,373,0.0081,45852,20612,14049,7034,2841,1316,0.4495,0.3064,0.1534,0.062,0.0287010381226555,20964,13204,6921,3229,1517,0.457379731646122,0.288076797207374,0.150998145521981,0.0704483473328243,0.0330969782916985,"Dr. Hende Csaba Károly","Dr. Nemény András","Balassa Péter Sándor","Horváth Zoltán","FIDESZ_egy",-0.00787973164612193
"98","VAS",2,"Sárvár",69982,906,96,70984,43395,893,44288,0.6239,44266,443,0.01,43823,22792,10570,7447,1686,1328,0.5201,0.2412,0.1699,0.0385,0.0303037217899277,23334,9083,8104,2027,1344,0.531623074820013,0.206939761232115,0.184635013214253,0.0461815364986786,0.0306206142349403,"Ágh Péter","Fehér László István","Rába Kálmán","Bogáti András","FIDESZ_egy",-0.0115230748200128
"99","VAS",3,"Körmend",67906,854,77,68837,42195,863,43058,0.6255,43036,450,0.0105,42586,24271,6318,9379,1358,1260,0.5699,0.1484,0.2202,0.0319,0.0295871882778378,24410,6796,8519,1593,1225,0.573772418494229,0.159744258749971,0.200244458547822,0.037444467950074,0.0287943962579038,"V.Németh Zsolt","Wrzava Pál","Bana Tibor","Baracska Péter Róbert","FIDESZ_egy",-0.00387241849422937
"100","VESZPRÉM",1,"Veszprém",72526,1120,258,73904,46275,1227,47502,0.6428,47463,395,0.0083,47068,22194,13009,7759,2904,1202,0.4715,0.2764,0.1648,0.0617,0.0255375201835642,20860,12644,8345,3141,1761,0.446193664306646,0.27045410793352,0.178498855639452,0.0671857286475156,0.0376676434728669,"Dr. Navracsics Tibor","Pál Béla","Forgóné Kelemen Judit Andrea","Gerstmár Ferenc","FIDESZ_egy",0.0253063356933541
"101","VESZPRÉM",2,"Balatonfüred",72515,1630,325,74470,44484,1750,46234,0.6208,46205,494,0.0107,45711,20854,12428,8716,2246,1467,0.4562,0.2719,0.1907,0.0491,0.0320929316794645,21045,11909,8570,2575,1708,0.459427598401991,0.259982098805859,0.187089309494182,0.0562141157465016,0.0372868775514659,"Dr. Kontrát Károly","Scheiring Gábor","Kepli Lajos","Cséby Géza Attila","FIDESZ_egy",-0.00322759840199099
"102","VESZPRÉM",3,"Tapolca",71024,1338,165,72527,42119,1324,43443,0.599,43422,380,0.0088,43042,18570,11769,10110,1276,1317,0.4314,0.2734,0.2349,0.0296,0.0305980205380791,19296,10925,9860,1682,1323,0.447848489068375,0.253562642157545,0.228844636308778,0.0390382026644386,0.0307060298008634,"Lasztovicza Jenõ","Dr. Horváth József","Dobó Zoltán","Guzslován Gábor","FIDESZ_egy",-0.0164484890683749
"103","VESZPRÉM",4,"Pápa",71720,953,127,72800,43251,960,44211,0.6073,44191,550,0.0124,43641,22246,9485,10030,1274,606,0.5098,0.2173,0.2298,0.0292,0.0138860246098852,21883,8943,10202,1448,1184,0.501213925790197,0.204832798900595,0.233669262482822,0.0331653687585891,0.0271186440677966,"Dr. Kovács Zoltán","Gõgös Zoltán","Ferenczi Gábor","Nyõgér István","FIDESZ_egy",0.00858607420980306
"104","ZALA",1,"Zalaegerszeg",78111,1436,170,79717,50513,1424,51937,0.6515,51914,498,0.0096,51416,22816,12381,10957,2196,3066,0.4438,0.2408,0.2131,0.0427,0.0596312431927805,23406,12220,11757,2571,1596,0.454044616876819,0.237051406401552,0.228069835111542,0.0498739088263822,0.0309602327837051,"Vigh László","Major Gábor","Pete Róbert","Dr. Paksy Zoltán","FIDESZ_egy",-0.0102446168768187
"105","ZALA",2,"Keszthely",74393,1480,192,76065,44354,1485,45839,0.6026,45817,461,0.0101,45356,22351,8943,10985,1792,1285,0.4928,0.1972,0.2422,0.0395,0.0283314225240321,22287,9002,10814,1901,1450,0.490319883838606,0.198046376556519,0.237910854930259,0.0418225018700224,0.0319003828045937,"Manninger Jenõ Vilmos","Szermek Zsolt Ottó","Selmeczy Zsuzsanna","Németh Áron Csaba","FIDESZ_egy",0.00248011616139393
"106","ZALA",3,"Nagykanizsa",76684,1222,139,78045,45503,1191,46694,0.5983,46662,473,0.0101,46189,18279,12024,12601,1516,1769,0.3957,0.2603,0.2728,0.0328,0.0382991621381714,18368,11607,12994,1815,1515,0.396725631223137,0.250696559320936,0.280654009805827,0.0392017106200998,0.0327220890300007,"Cseresnyés Péter","Göndör István","Zakó László","Tringer Ferenc Péter","FIDESZ_egy",-0.00102563122313659
